doc_id,article_id,title,year,doi,source_database,genus_raw,genus_for_stm,n_genera_mentioned,mentioned_genera
1,1,"Nuclear mitochondrial DNA: An Achilles' heel of molecular systematics, phylogenetics, and phylogeographic studies of stingless bees",2012,10.1007/s13592-012-0122-4,Scopus,Melipona,Melipona,1,Melipona
2,2,"Detection, replication and quantification of deformed wing virus-A, deformed wing virus-B, and black queen cell virus in the endemic stingless bee, Melipona colimana, from Jalisco, Mexico",2021,10.1007/s42690-020-00320-7,Scopus,Melipona,Melipona,1,Melipona
3,3,"Pleistocene climate changes shaped the population structure of Partamona seridoensis (Apidae, Meliponini), an endemic stingless bee from the Neotropical dry forest",2017,10.1371/journal.pone.0175725,Scopus,Partamona,Partamona,1,Partamona
4,4,Mitochondrial DNA polymorphism among populations of melipona quadrifasciata quadrifasciata lepeletier (Apidae: Meliponini) from Southern Brazil; [Polimorfi smo do DNA mitocondrial entre populações de melipona quadrifasciata quadrifasciata Lepeletier (Apidae: Meliponini) do Sul do Brasil],2009,10.1590/s1519-566x2009000200007,Scopus,Melipona,Melipona,1,Melipona
5,5,"Honey characterization and identification of fructophilic lactic acid bacteria of fresh samples from Melipona beecheii, Scaptotrigona pectoralis, Plebeia llorentei, and Plebeia jatiformis hives",2023,10.3389/fsufs.2023.1113920,Scopus,Multiple,Multiple,3,Melipona; Plebeia; Scaptotrigona
6,6,"Stingless bees (Hymenoptera: Apidae) in South and West Sulawesi, Indonesia: morphology, nest structure, and molecular characteristics",2021,10.1080/00218839.2020.1816272,Scopus,Multiple,Multiple,3,Lepidotrigona; Tetragonula; Wallacetrigona
7,7,TAXONOMIC STATUS OF STINGLESS BEE LEPIDOTRIGONA ARCIFERA (HYMENOPTERA: MELIPONINI) FROM THE SOUTHWEST CHINA - TIBETAN PLATEAU,2024,10.2478/jas-2024-0008,Scopus,Lepidotrigona,Other_rare_genera,1,Lepidotrigona
8,8,"Gene Flow Between Populations With Highly Divergent Mitogenomes in the Australian Stingless Bee, Tetragonula hockingsi",2024,10.1002/ece3.70475,Scopus,Tetragonula,Tetragonula,1,Tetragonula
9,9,Repetitive DNAs in Melipona scutellaris (Hymenoptera: Apidae: Meliponidae): chromosomal distribution and test of multiple heterochromatin amplification in the genus,2018,10.1007/s13592-018-0577-z,Scopus,Melipona,Melipona,1,Melipona
10,10,Comparative molecular cytogenetics of Melipona Illiger species (Hymenoptera: Apidae),2018,10.13102/sociobiology.v65i4.3480,Scopus,Melipona,Melipona,1,Melipona
11,11,"The Mitochondrial Genome of Melipona fasciculata (Apidae, Meliponini): Genome Organization and Comparative Analyses, Phylogenetic Implications and Divergence Time Estimations",2025,10.1007/s10528-024-10991-3,Scopus,Melipona,Melipona,1,Melipona
12,12,"Insights into the Melipona scutellaris (Hymenoptera, Apidae, Meliponini) fat body transcriptome",2013,10.1590/s1415-47572013000200022,Scopus,Melipona,Melipona,1,Melipona
13,13,Comparative cytogenetics in three Melipona species (Hymenoptera: Apidae) with two divergent heterochromatic patterns,2018,10.1590/1678-4685-gmb-2017-0330,Scopus,Melipona,Melipona,1,Melipona
14,14,Barcoding stingless bees: Genetic diversity of the economically important genus Scaptotrigona in Mesoamerica,2013,10.1007/s13592-012-0146-9,Scopus,Scaptotrigona,Scaptotrigona,1,Scaptotrigona
15,15,"Exploring genetic and morphometric variations in Partamona ailyae, a widely distributed neotropical stingless bee of South America",2025,10.1007/s10841-025-00687-3,Scopus,Partamona,Partamona,1,Partamona
16,16,Unveiling the Genetic Structure and Ecological Niche Diversification of the Stingless Bee Tetragonisca angustula (Meliponini) in Peruvian Amazon,2025,10.1111/jbi.70107,Scopus,Tetragonisca,Tetragonisca,1,Tetragonisca
17,17,Population structure of the stingless bee (Tetragonula pagdeni Schwarz) in Thailand determined by cytochrome b and ATPase6–tRNAASP sequence analysis,2014,,Scopus,Tetragonula,Tetragonula,1,Tetragonula
18,18,Loss and gain of gut bacterial phylotype symbionts in afrotropical stingless bee species (Apidae: Meliponinae),2021,10.3390/microorganisms9122420,Scopus,Multiple,Multiple,4,Dactylurina; Hypotrigona; Liotrigona; Meliponula
19,19,First detection of honey bee viruses in stingless bees in North America,2015,10.1080/00218839.2015.1100154,Scopus,Scaptotrigona,Scaptotrigona,1,Scaptotrigona
20,20,Biochemical genetic differentiation in the Trigona atripes species group of Malaysian stingless bees (insecta: hymenoptera: apidae),1991,10.1016/0305-0491(91)90345-e,Scopus,Trigona,Trigona,1,Trigona
21,21,Genetic variability of melipona subnitida (hymenoptera: Apidae) in introduced and native populations,2018,10.1093/jisesa/iey089,Scopus,Melipona,Melipona,1,Melipona
22,22,"Exploring integument transcriptomes, cuticle ultrastructure, and cuticular hydrocarbons profiles in eusocial and solitary bee species displaying heterochronic adult cuticle maturation",2019,10.1371/journal.pone.0213796,Scopus,Frieseomelitta,Frieseomelitta,1,Frieseomelitta
23,23,"The nuclear and mitochondrial genome assemblies of Tetragonisca angustula (Apidae: Meliponini), a tiny yet remarkable pollinator in the Neotropics",2024,10.1186/s12864-024-10502-z,Scopus,Tetragonisca,Tetragonisca,1,Tetragonisca
24,24,Relatedness and dispersal distance of eusocial bee males on mating swarms,2016,10.1111/ens.12195,Scopus,Tetragonisca,Tetragonisca,1,Tetragonisca
25,25,Intraspecific variation in the stingless bee Melipona beecheii assessed with PCR-RFLP of the ITS1 ribosomal DNA,2009,10.1051/apido/2009036,Scopus,Melipona,Melipona,1,Melipona
26,26,Intraspecific queen parasitism in a highly eusocial bee,2011,10.1098/rsbl.2010.0819,Scopus,Melipona,Melipona,1,Melipona
27,27,Identification of stingless bees (Hymenoptera: Apidae) in Kenya using morphometrics and DNA barcoding; [Identificación de las abejas sin aguijón (Hymenoptera: Apidae) en Kenia usando morfometría y ADN barcoding (código de barras molecular)],2017,10.1080/00218839.2017.1327939,Scopus,Multiple,Multiple,3,Dactylurina; Meliponula; Plebeina
28,28,"Chromosome Evolution in the Genus Partamona (Apidae: Meliponini), with Comments on B Chromosome Origin",2022,10.1159/000520552,Scopus,Partamona,Partamona,1,Partamona
29,29,Mitochondrial polymorphism in tetragonisca angustula and tetragonisca weyrauchi (Apidae) in northern Brazil,2020,10.4238/gmr18495,Scopus,Tetragonisca,Tetragonisca,1,Tetragonisca
30,30,"Genome size estimation of three stingless bee species (Hymenoptera, Meliponinae) by flow cytometry",2009,10.1051/apido/2009030,Scopus,Multiple,Multiple,2,Melipona; Scaptotrigona
31,31,Karyotype description of cephalotrigona femorata Smith (Hymenoptera: Apidae) and the C-banding pattern as a specific marker for Cephalotrigona,2013,10.13102/sociobiology.v60i1.125-127,Scopus,Cephalotrigona,Other_rare_genera,1,Cephalotrigona
32,32,An intraspecific origin of B chromosomes in Tetragonisca fiebrigi (Apidae: Meliponini) inferred from cytogenetic and nuclear genome size data,2026,10.1038/s41598-026-39709-8,Scopus,Tetragonisca,Tetragonisca,1,Tetragonisca
33,33,"Does beekeeping reduce genetic variability in Melipona scutellaris (Apidae, Meliponini)?",2009,10.4238/vol8-2kerr006,Scopus,Melipona,Melipona,1,Melipona
34,34,"Genetic analysis of Melipona quadrifasciata LEP. (Hymenoptera: Apidae, Meliponinae) with RAPD markers",2002,10.1590/s1519-69842002000500022,Scopus,Melipona,Melipona,1,Melipona
35,35,Quantification of bioactive components and evaluation of microbial community and antibacterial activity from Heterotrigona itama and Tetrigona binghami honeys,2023,10.1111/ijfs.16325,Scopus,Heterotrigona,Heterotrigona,1,Heterotrigona
36,36,Evaluation of reference genes for gene expression analysis by real-time quantitative PCR (qPCR) in three stingless bee species (Hymenoptera: Apidae: Meliponini),2019,10.1038/s41598-019-53544-0,Scopus,Multiple,Multiple,3,Frieseomelitta; Melipona; Scaptotrigona
37,37,"Comparative study on the physical mapping of ribosomal genes and repetitive sequences in Friesella schrottkyi (Friese 1900) (Hymenoptera: Apidae, Meliponini)",2021,10.1016/j.jcz.2021.04.006,Scopus,Friesella,Other_rare_genera,1,Friesella
38,38,Isoenzymes and cytochemical analysis in Tetragonisca angustula and Tetragonisca fiebrigi after herbicide contamination,2011,,Scopus,Tetragonisca,Tetragonisca,1,Tetragonisca
39,39,"Genome size diversity in stingless bees (Hymenoptera: Apidae, Meliponini)",2012,10.1007/s13592-012-0145-x,Scopus,Multiple,Multiple,2,Melipona; Paratrigona
40,40,"The complete mitochondrial genome of Trigonisca nataliae (Hymenoptera, Apidae) assemblage reveals heteroplasmy in the control region",2023,10.1016/j.gene.2023.147621,Scopus,Multiple,Multiple,2,Melipona; Trigonisca
41,41,Glycerol-3-phosphate dehydrogenase (G-3-PDH; EC 1.1.1.8) variation in Brazilian stingless bees and in wasp species,1991,10.1007/bf00590105,Scopus,Tetragona,Other_rare_genera,1,Tetragona
42,42,Genetic and phenotypic differentiation in endemic Scaptotrigona hellwegeri (Apidae: Meliponini): Implications for the conservation of stingless bee populations in contrasting environments,2012,10.1111/j.1752-4598.2011.00179.x,Scopus,Scaptotrigona,Scaptotrigona,1,Scaptotrigona
43,43,Sequence and expression pattern of the germ line marker vasa in honey bees and stingless bees,2009,10.1590/s1415-47572009005000043,Scopus,Melipona,Melipona,1,Melipona
44,44,Evidence of hybridization between two species of Melipona bees,2000,10.1590/s1415-47572000000100014,Scopus,Melipona,Melipona,1,Melipona
45,45,Genetic differentiation of the stingless bee tetragonula pagdeni in Thailand using SSCP analysis of a large subunit of mitochondrial ribosomal DNA,2011,10.1007/s10528-011-9425-9,Scopus,Tetragonula,Tetragonula,1,Tetragonula
46,46,Mitochondrial DNA restriction and genomic maps of seven species of Melipona (Apidae: Meliponini),2004,10.1051/apido:2004027,Scopus,Multiple,Multiple,2,Melipona; Scaptotrigona
47,47,Reproductive potential shapes the expression of nurse-to-forager transition genes in the workers of stingless bees (Meliponini),2023,10.1007/s13592-023-01021-z,Scopus,Multiple,Multiple,2,Frieseomelitta; Melipona
48,48,"The composition of bacteria in gut and beebread of stingless bees (Apidae: Meliponini) from tropics Yunnan, China",2021,10.1007/s10482-021-01602-x,Scopus,Multiple,Multiple,2,Lepidotrigona; Tetragonula
49,49,"Genetic diversity of Melipona mandacaia, Smith 1863 in natural and rational breeding populations",2024,10.18520/cs/v126/i12/1479-1484,Scopus,Melipona,Melipona,1,Melipona
50,50,Longitudinal survey reveals delayed effects of low gene expression on stingless bee colony health,2022,10.1080/00218839.2021.1962123,Scopus,Melipona,Melipona,1,Melipona
51,51,Conserved but mechanistically diverse piRNA defence against endogenous retroviruses in insects,2026,10.1038/s44319-026-00741-4,Scopus,Tetragonula,Tetragonula,1,Tetragonula
52,52,Multi-Omic Analysis Reveals Population Differentiation and Signatures of Social Evolution in Tetragonula Stingless Bees,2025,10.1111/mec.17823,Scopus,Tetragonula,Tetragonula,1,Tetragonula
53,53,Fragmentation in the clouds? The population genetics of the native bee Partamona bilineata (Hymenoptera: Apidae: Meliponini) in the cloud forests of Guatemala,2017,10.1007/s10592-017-0950-x,Scopus,Partamona,Partamona,1,Partamona
54,54,DNA barcoding reveals long-term speciation processes in subspecies of the Melipona (Michmelia) seminigra complex (Hymenoptera: Apidae),2022,10.14411/eje.2022.032,Scopus,Melipona,Melipona,1,Melipona
55,55,"Genetic structure of Partamona helleri (Apidae, Meliponini) from Neotropical Atlantic rainforest",2010,10.1007/s00040-010-0098-x,Scopus,Partamona,Partamona,1,Partamona
56,56,"Farnesoic Acid O-Methyl Transferase (FAMeT) isoforms: Conserved traits and gene expression patterns related to caste differentiation in the stingless bee, Melipona scutellaris",2008,10.1002/arch.20224,Scopus,Melipona,Melipona,1,Melipona
57,57,"A scientific note on the isolation and characterization of microsatellite loci of Frieseomelitta varia (Hymenoptera, apidae, Meliponini)",2011,10.1007/s13592-011-0008-x,Scopus,Frieseomelitta,Frieseomelitta,1,Frieseomelitta
58,58,Mitochondria tRNA gene translocations in highly eusocial bees,2006,10.1590/s1415-47572006000300030,Scopus,Melipona,Melipona,1,Melipona
59,59,"Phylogeography of Partamona rustica (Hymenoptera, Apidae), an endemic stingless bee from the neotropical dry forest diagonal",2016,10.1371/journal.pone.0164441,Scopus,Partamona,Partamona,1,Partamona
60,60,"Molecular phylogeny of the stingless bees (Apidae, Apinae, Meliponini) inferred from mitochondrial 16S rDNA sequences",2003,10.1051/apido:2002051,Scopus,Multiple,Multiple,9,Austroplebeia; Axestotrigona; Heterotrigona; Hypotrigona; Lepidotrigona; Meliplebeia; Plebeia; Plebeina; Trigona
61,61,"Is the São Francisco River a historical barrier to gene flow for populations of Melipona mandacaia Smith, 1863 (Hymenoptera: Apidae)?",2023,10.1007/s10841-023-00466-y,Scopus,Melipona,Melipona,1,Melipona
62,62,"Complete mitochondrial genome sequence of Melipona scutellaris, a Brazilian stingless bee",2016,10.3109/19401736.2015.1018233,Scopus,Melipona,Melipona,1,Melipona
63,63,"A RAPD marker associated with B chromosomes in Partamona helleri (Hymenoptera, Apidae)",2004,10.1159/000079299,Scopus,Partamona,Partamona,1,Partamona
64,64,The mitochondrial genome of Melipona fasciculata and Melipona quadrifasciata: molecular evolution dynamics in stingless bees (Hymenoptera: Meliponini) mitogenomes,2025,10.1080/00218839.2025.2477412,Scopus,Multiple,Multiple,3,Lepidotrigona; Melipona; Tetragonula
65,65,"Unveiling the Cultivation-Dependent Gut Bacterial Microbiota in the Feral Stingless Bee, Tetragonula iridipennis Smith (Hymenoptera: Apidae)",2025,10.13102/sociobiology.v72i3.11205,Scopus,Tetragonula,Tetragonula,1,Tetragonula
66,66,Evidence for morphological and genetic structuring of Plebeia flavocincta (Apidae: Meliponini) populations in Northeast Brazil,2022,10.3389/fevo.2022.1057624,Scopus,Plebeia,Plebeia,1,Plebeia
67,67,Mitochondrial genome characterization of Melipona bicolor: Insights from the control region and gene expression data,2019,10.1016/j.gene.2019.04.042,Scopus,Melipona,Melipona,1,Melipona
68,68,Study of microsatellite markers in stingless bees Melipona colimana and M. beecheii from mesoamerica; [Estudio de microsatélites en las abejas sin aguijón Melipona colimana y M. beecheii de mesoamérica],2014,10.4321/s0004-05922014000100014,Scopus,Melipona,Melipona,1,Melipona
69,69,Cytogenomics of Frieseomelitta varia (Hymenoptera: Apidae) and the Sharing of a Satellite DNA Family in Several Neotropical Meliponini Genera,2025,10.3390/genes16010086,Scopus,Frieseomelitta,Frieseomelitta,1,Frieseomelitta
70,70,Similarity of heterochromatic regions in the stingless bees (Hymenoptera: Meliponini) revealed by chromosome painting,2014,10.1080/0144235x.2014.974349,Scopus,Multiple,Multiple,2,Melipona; Tetragonisca
71,71,"Extraction of genomic DNA from Melipona quadrifasciata (Hymenoptera: Apidae, Meliponinae)",1997,10.1590/s0100-84551997000300011,Scopus,Multiple,Multiple,2,Melipona; Scaptotrigona
72,72,Molecular Characterization of the Indigenous Stingless Bees (Tetragonula spp. Complex) Using ISSR Marker from Southern Peninsular India,2018,10.1007/s13744-017-0538-7,Scopus,Tetragonula,Tetragonula,1,Tetragonula
73,73,"Phylogenomic insights into the worldwide evolutionary relationships of the stingless bees (Apidae, Meliponini)",2024,10.1016/j.ympev.2024.108219,Scopus,Multiple,Multiple,9,Cephalotrigona; Ebaiotrigona; Frieseomelitta; Lepidotrigona; Oxytrigona; Papuatrigona; Paratrigonoides; Pariotrigona; Trichotrigona
74,74,"Diploid males of Scaptotrigona depilis are able to join reproductive aggregations (Apidae, Meliponini)",2015,10.3897/jhr.42.4769,Scopus,Scaptotrigona,Scaptotrigona,1,Scaptotrigona
75,75,A protocol for isolating insect mitochondrial genomes: A case study of NUMT in Melipona flavolineata (Hymenoptera: Apidae),2016,10.3109/19401736.2015.1028049,Scopus,Melipona,Melipona,1,Melipona
76,76,"Alelle number and heterozigosity for microsatellite loci in different stingless bee species (Hymenoptera: Apidae, Meliponini)",2006,10.1590/s1519-566x2006000500011,Scopus,Multiple,Multiple,4,Melipona; Partamona; Plebeia; Scaptotrigona
77,77,The extensive amplification of heterochromatin in Melipona bees revealed by high throughput genomic and chromosomal analysis,2021,10.1007/s00412-021-00764-x,Scopus,Melipona,Melipona,1,Melipona
78,78,"A Study on Intraspecific Resource Partitioning in the Stingless bee Scaptotrigona mexicana Guérin (Apidae, Meliponini) Using Behavioral and Molecular Techniques",2016,10.1007/s13744-016-0404-z,Scopus,Scaptotrigona,Scaptotrigona,1,Scaptotrigona
79,79,Unraveling genetic parameters for the corbicular area of Tetragonisca angustula (Hymenoptera: Apidae),2024,10.1080/00218839.2022.2077545,Scopus,Tetragonisca,Tetragonisca,1,Tetragonisca
80,80,"Glucose phosphate isomerase, malate dehydrogenase and isocitrate dehydrogenase allozyme variation in the stingless bee, trigona (tetragonula) fuscobalteata (insecta: hymenoptera: apidae), from peninsular malaysia",1987,10.1016/0305-0491(87)90037-x,Scopus,Multiple,Multiple,2,Tetragonula; Trigona
81,81,Isolation and characterization of ten microsatellite loci in stingless bee Trigona spinipes (Apidae: Meliponini),2015,10.1111/ens.12095,Scopus,Multiple,Multiple,4,Frieseomelitta; Partamona; Tetragonisca; Trigona
82,82,Molecular genetic diversity in populations of the stingless bee Plebeia remota: A case study,2013,10.1590/s1415-47572013000100017,Scopus,Plebeia,Plebeia,1,Plebeia
83,83,"Karyotypes and heterochromatin variation (C-bands) in Melipona species (Hymenoptera, Apidae, Meliponinae)",1998,10.1590/s1415-47571998000100008,Scopus,Melipona,Melipona,1,Melipona
84,84,Temporal changes in the microbiome of stingless bee foragers following colony relocation,2021,10.1093/femsec/fiaa236,Scopus,Tetragonula,Tetragonula,1,Tetragonula
85,85,Outbreeding and lack of temporal genetic structure in a drone congregation of the neotropical stingless bee Scaptotrigona mexicana,2012,10.1002/ece3.203,Scopus,Scaptotrigona,Scaptotrigona,1,Scaptotrigona
86,86,"Proportion of males sons-of-the-queen and sons-of-workers in Plebeia droryana (Hymenoptera, Apidae) estimated from data of an MDH isozymic polymorphic system",1984,10.1007/bf00122905,Scopus,Plebeia,Plebeia,1,Plebeia
87,87,"Development of a SCAR marker for the analysis of B chromosome presence in Partamona helleri (Hymenoptera, Apidae)",2007,10.1159/000097430,Scopus,Partamona,Partamona,1,Partamona
88,88,Viruses in Brazilian stingless bees,2024,10.1080/00218839.2024.2317066,Scopus,Multiple,Multiple,6,Melipona; Nannotrigona; Partamona; Scaptotrigona; Tetragonisca; Trigona
89,89,"Gene variation, population differentiation, and sociogenetic structure of nests of partamona seridoensis (Hymenoptera: Apidae, Meliponini)",2012,10.1007/s10528-011-9465-1,Scopus,Partamona,Partamona,1,Partamona
90,90,The Insecticide Imidacloprid Decreases Nannotrigona Stingless Bee Survival and Food Consumption and Modulates the Expression of Detoxification and Immune-Related Genes,2022,10.3390/insects13110972,Scopus,Nannotrigona,Other_rare_genera,1,Nannotrigona
91,91,"Molecular species delimitation and historical biogeography among species of the genus Partamona (Hymenoptera: Apidae: Meliponini), with emphasis on the Eastern group from South America",2025,10.1093/zoolinnean/zlaf006,Scopus,Partamona,Partamona,1,Partamona
92,92,"Genetic variability in five populations of Partamona helleri (Hymenoptera, Apidae) from Minas Gerais state, Brazil",2010,10.1590/s1415-47572010005000087,Scopus,Partamona,Partamona,1,Partamona
93,93,Morphometric and genetic analyses differentiate Mesoamerican populations of the endangered stingless bee Melipona beecheii (Hymenoptera: Meliponidae) and support their conservation as two separate units,2012,10.1007/s10841-012-9457-4,Scopus,Melipona,Melipona,1,Melipona
94,94,"DNA Barcoding applied to the identification of Meliponini in the Lençóis Maranhenses microregion, Brazil; [DNA Barcoding aplicado à identificação de meliponíneos na microrregião Lençóis Maranhenses, Brasil]",2025,10.1590/1519-6984.295935,Scopus,Melipona,Melipona,1,Melipona
95,95,Robertsonian rearrangements in Neotropical Meliponini karyotype evolution (Hymenoptera: Apidae: Meliponini),2021,10.1111/imb.12702,Scopus,Melipona,Melipona,1,Melipona
96,96,"Microsatellite loci for an endemic stingless bee Melipona seminigra merrillae (Apidae, meliponini) from Amazon",2009,10.1007/s12686-009-9113-9,Scopus,Melipona,Melipona,1,Melipona
97,97,Mitochondrial DNA characterization of five species of Plebeia (Apidae: Meliponini): RFLP and restriction maps,2001,10.1051/apido:2001132,Scopus,Multiple,Multiple,2,Plebeia; Scaptotrigona
98,98,Shifting range in a stingless bee leads to pre-mating reproductive interference between species,2023,10.1007/s10592-023-01512-7,Scopus,Tetragonula,Tetragonula,1,Tetragonula
99,99,"Karyotypic description of the stingless bee Melipona quinquefasciata Lepeletier, 1836 (Hymenoptera, Meliponini) with emphasis on the presence of B chromosomes",2018,10.3897/compcytogen.v12i4.29165,Scopus,Melipona,Melipona,1,Melipona
100,100,"Genetic variability and population structure in Melipona scutellaris (Hymenoptera: Apidae) from Bahia, Brazil, based on molecular markers",2013,10.1007/s13592-013-0220-y,Scopus,Melipona,Melipona,1,Melipona
101,101,Males Are Capable of Long-Distance Dispersal in a Social Bee,2022,10.3389/fevo.2022.843156,Scopus,Tetragonula,Tetragonula,1,Tetragonula
102,102,Possible introgression of B chromosomes between bee species (genus partamona),2014,10.1159/000370171,Scopus,Partamona,Partamona,1,Partamona
103,103,"Karyological Analysis of a Stingless Bee, Melipona favosa (Apidae, Hymenoptera)",1988,10.1508/cytologia.53.153,Scopus,Melipona,Melipona,1,Melipona
104,104,Effect of symbiotic bee fungus on survival of stingless bee Heterotrigona itama larvae,2022,10.21161/mjm.211205,Scopus,Heterotrigona,Heterotrigona,1,Heterotrigona
105,105,An absence of enzyme variability within two species of Trigona (Hymenoptera),1983,10.1038/hdy.1983.12,Scopus,Trigona,Trigona,1,Trigona
106,106,"Distinct fungal microbiomes of two Thai commercial stingless bee species, Lepidotrigona terminata and Tetragonula pagdeni suggest a possible niche separation in a shared habitat",2024,10.3389/fcimb.2024.1367010,Scopus,Multiple,Multiple,2,Lepidotrigona; Tetragonula
107,107,Genetic structure of drone congregations of the stingless bee Scaptotrigona mexicana,2008,10.1007/s00040-007-0966-1,Scopus,Scaptotrigona,Scaptotrigona,1,Scaptotrigona
108,108,"Genetic and morphometric variation in populations of Partamona cupira and Partamona mulata, stingless bees endemic to the Cerrado biome in Brazil",2025,10.1093/biolinnean/blae072,Scopus,Partamona,Partamona,1,Partamona
109,109,"ENHANCED DNA EXTRACTION FROM TRIGONA HONEY: A LOW-VOLUME OF SAMPLE, HIGH-PURITY APPROACH FOR MOLECULAR RESEARCH",2025,10.31648/pjns.11421,Scopus,Trigona,Trigona,1,Trigona
110,110,"Complete Mitochondrial Genome Characterization and Phylogenomics of the Stingless Bee, Heterotrigona itama (Apidae: Meliponini)",2025,10.3390/insects16050535,Scopus,Multiple,Multiple,2,Heterotrigona; Tetragonula
111,111,"Morphometrical, biochemical and molecular tools for assessing biodiversity. An example in Plebeia remota (Holmberg, 1903) (Apidae, Meliponini)",2008,10.1007/s00040-008-0992-7,Scopus,Plebeia,Plebeia,1,Plebeia
112,112,Development of a species-diagnostic marker for identification of the stingless bee Trigona pagdeni in Thailand,2010,10.1007/s10528-009-9300-0,Scopus,Trigona,Trigona,1,Trigona
113,113,"Quantitative genetics of multivariate morphometric variation in the neotropical stingless bee, Scaptotrigona postica (Hymenoptera: Meliponinae)",1994,,Scopus,Scaptotrigona,Scaptotrigona,1,Scaptotrigona
114,114,Geographic distribution and spatial differentiation in the color pattern of abdominal stripes of the neotropical stingless bee Melipona quadrifasciata (Hymenoptera:Apidae),2009,10.1590/s1984-46702009000200003,Scopus,Melipona,Melipona,1,Melipona
115,115,"Stingless Bee, Tetragonula iridipennis Smith, 1854 (Hymenoptera: Apidae: Meliponini): Molecular and Morphological Characterization",2018,10.1007/s40011-016-0757-4,Scopus,Tetragonula,Tetragonula,1,Tetragonula
116,116,"Heteroplasmy, inverted repeats, and genetic differentiation of the stingless bee Heterotrigona itama (Hymenoptera, Apidae, Meliponini) mitochondrial genome",2025,10.1007/s13592-025-01230-8,Scopus,Heterotrigona,Heterotrigona,1,Heterotrigona
117,117,Reassessing Hybridisation in Australian Tetragonula Stingless Bees Using Multiple Genetic Markers,2025,10.1002/ece3.70912,Scopus,Tetragonula,Tetragonula,1,Tetragonula
118,118,"Scaptona ramosa gen. nov., sp. nov., isolated from nest of the stingless bee",2024,10.1099/ijsem.0.006227,Scopus,Scaptotrigona,Scaptotrigona,1,Scaptotrigona
119,119,"Mitochondrial DNA: a promising tool for characterising the population of the Tiúba stingless bee, Melipona fasciculata (Apidae, Meliponini); [DNA mitocondrial: uma ferramenta promissora para caracterizar a população da abelha-sem-ferrão Tiúba, Melipona fasciculata (Apidae, Meliponini)]",2024,10.1590/1519-6984.288003,Scopus,Melipona,Melipona,1,Melipona
120,120,"Characterization of microsatellite loci of tetragonisca angustula (Hymenoptera, Apidae, Meliponini)",2009,10.1007/s12686-009-9045-4,Scopus,Multiple,Multiple,3,Lestrimelitta; Schwarziana; Tetragonisca
121,121,Stingless Bee Larvae Require Fungal Steroid to Pupate,2018,10.1038/s41598-018-19583-9,Scopus,Scaptotrigona,Scaptotrigona,1,Scaptotrigona
122,122,Black queen cell virus detected in endemic African stingless bees (Apidae: Meliponinae),2024,10.1007/s42690-024-01303-8,Scopus,Multiple,Multiple,2,Hypotrigona; Meliponula
123,123,"Species description, morphometric measurement and molecular identification of stingless bees (Hymenoptera: Apidae: Meliponini) in meliponiculture industry in West Java Province, Indonesia",2021,,Scopus,Multiple,Multiple,3,Heterotrigona; Lepidotrigona; Tetragonula
124,124,"Karyotypic description and repetitive DNA chromosome mapping of melipona interrupta latreille, 1811 (Hymenoptera: Meliponini)",2019,10.13128/cayologia-239,Scopus,Melipona,Melipona,1,Melipona
125,125,"A molecular marker distinguishes the subspecies Melipona quadrifasciata quadrifasciata and Melipona quadrifasciata anthidioides (Hymenoptera: Apidae, Meliponinae)",2000,10.1590/s1415-47572000000300019,Scopus,Melipona,Melipona,1,Melipona
126,126,Very low mitochondrial variability in a stingless bee endemic to cerrado,2013,10.1590/s1415-47572013000100018,Scopus,Partamona,Partamona,1,Partamona
127,127,"Genetic diversity and population structure of an endemic bee Wallacetrigona incisa in South Sulawesi, Indonesia",2025,10.13057/biodiv/d260235,Scopus,Wallacetrigona,Other_rare_genera,1,Wallacetrigona
128,128,Fungal diversity in larval diets of Melipona interrupta: Impacts on queen development and survival,2025,10.1590/1678-4685-gmb-2025-0021,Scopus,Melipona,Melipona,1,Melipona
129,129,"Intraspecific variation in the first internal transcribed spacer (ITS1) of the nuclear ribosomal DNA in Melipona subnitida (Hymenoptera, Apidae), an endemic stingless bee from northeastern Brazil",2006,10.1051/apido:2006003,Scopus,Multiple,Multiple,2,Melipona; Scaptotrigona
130,130,Insights into the heterochromatin evolution in the genus Melipona (Apidae: Meliponini),2020,10.1007/s00040-020-00773-6,Scopus,Melipona,Melipona,1,Melipona
131,131,Probiotic properties of bacteria isolated from bee bread of stingless bee Heterotrigona itama,2020,10.1080/00218839.2020.1801152,Scopus,Heterotrigona,Heterotrigona,1,Heterotrigona
132,132,"Detection of diploid males in a natural colony of the cleptobiotic bee Lestrimelitta sp (Hymenoptera, apidae)",2010,10.1590/s1415-47572010000300019,Scopus,Lestrimelitta,Other_rare_genera,1,Lestrimelitta
133,133,"Gene expression profiles underlying alternative caste phenotypes in a highly eusocial bee, Melipona quadrifasciata",2006,10.1111/j.1365-2583.2005.00605.x,Scopus,Multiple,Multiple,2,Melipona; Scaptotrigona
134,134,DNA methylation in stingless bees with low and high heterochromatin contents as assessed by restriction enzyme digestion and image analysis,2006,10.1002/cyto.a.20312,Scopus,Melipona,Melipona,1,Melipona
135,135,"Cytogenetic characterization of Partamona cupira (Hymenoptera, Apidae) by fluorochromes",2010,10.1590/s1415-47572010005000029,Scopus,Partamona,Partamona,1,Partamona
136,136,Matrilineage differentiation of the genus Tetragonisca using mitochondrial DNA markers and the polymerase chain reaction-restriction fragment length polymorphism technique,2015,10.4238/2015.october.21.2,Scopus,Tetragonisca,Tetragonisca,1,Tetragonisca
137,137,Anthropogenic hive movements are changing the genetic structure of a stingless bee (Tetragonula carbonaria) population along the east coast of Australia,2018,10.1007/s10592-017-1040-9,Scopus,Tetragonula,Tetragonula,1,Tetragonula
138,138,Stingless bee honey: Evaluating its antibacterial activity and bacterial diversity,2020,10.3390/insects11080500,Scopus,Multiple,Multiple,2,Heterotrigona; Homotrigona
139,139,The Satellite DNAs Populating the Genome of Trigona hyalinata and the Sharing of a Highly Abundant satDNA in Trigona Genus,2023,10.3390/genes14020418,Scopus,Trigona,Trigona,1,Trigona
140,140,Morphometric and genetic differentiation in isolated populations of the endangered Mesoamerican stingless bee Melipona yucatanica (Hymenoptera: Apoidea) suggest the existence of a two species complex,2010,10.1007/s10592-010-0087-7,Scopus,Melipona,Melipona,1,Melipona
141,141,"Starmerella neotropicalis f. a., sp. nov., a yeast species found in bees and pollen",2013,10.1099/ijs.0.055897-0,Scopus,Melipona,Melipona,1,Melipona
142,142,Genetic diversity and population structure of Trigona pagdeni Schwarz in Thailand,2008,10.1051/apido:2008026,Scopus,Trigona,Trigona,1,Trigona
143,143,"Morphological and molecular characters reveal differentiation in a Neotropical social bee, Melipona beecheii (Apidae: Meliponini)",2007,10.1051/apido:2007006,Scopus,Melipona,Melipona,1,Melipona
144,144,"Complete Genome Sequence of Bacillus velezensis GMEKP1, Isolated from a Natural Bamboo Hive of Stingless Bees",2021,10.1128/mra.00659-21,Scopus,Trigona,Trigona,1,Trigona
145,145,"The screening of probiotic lactic acid bacteria from honey of stingless bee from West Sumatra, Indonesia and using as starter culture",2022,10.13057/biodiv/d231235,Scopus,Multiple,Multiple,3,Geniotrigona; Heterotrigona; Tetragonula
146,146,Characterization of dinucleotide microsatellite loci for stingless bees,1999,10.1046/j.1365-294x.1999.00874.x,Scopus,Scaptotrigona,Scaptotrigona,1,Scaptotrigona
147,147,Functional orthologs of honeybee CYP6AQ1 in stingless bees degrade the butenolide insecticide flupyradifurone,2023,10.1016/j.ecoenv.2023.115719,Scopus,Multiple,Multiple,4,Frieseomelitta; Heterotrigona; Melipona; Tetragonula
148,148,A Genetically Modified Anti-Plasmodium Bacterium Is Harmless to the Foragers of the Stingless Bee Partamona helleri,2022,10.1007/s00248-021-01805-9,Scopus,Partamona,Partamona,1,Partamona
149,149,"The impact of early-life exposure to three agrochemicals on survival, behavior, and gut microbiota of stingless bees (Partamona helleri)",2023,10.1007/s11356-023-27385-4,Scopus,Partamona,Partamona,1,Partamona
150,150,Gene expression and epigenetics reveal species-specific mechanisms acting upon common molecular pathways in the evolution of task division in bees,2021,10.1038/s41598-020-75432-8,Scopus,Tetragonisca,Tetragonisca,1,Tetragonisca
151,151,"Comparative study on the use of specific and heterologous microsatellite primers in the stingless bees Melipona rufiventris and M. mondury (Hymenoptera, Apidae)",2010,10.1590/s1415-47572010005000017,Scopus,Melipona,Melipona,1,Melipona
152,152,Presence of nuclear copies of mitochondrial origin (NUMTs) in two related species of stingless bee genus Melipona (Hymenoptera: Meliponini),2013,10.1111/jzs.12011,Scopus,Melipona,Melipona,1,Melipona
153,153,"Occurrence of b chromosomes in tetragonisca latreille, 1811 (hymenoptera, apidae, meliponini): A new contribution to the cytotaxonomy of the genus",2011,10.1590/s1415-47572010005000100,Scopus,Tetragonisca,Tetragonisca,1,Tetragonisca
154,154,Sympatric cleptobiotic stingless bees have species-specific cuticular profiles that resemble their hosts,2022,10.1038/s41598-022-06683-w,Scopus,Multiple,Multiple,2,Lestrimelitta; Scaptotrigona
155,155,"The complete mitochondrial genome of the Indian dammer bee, Tetragonula iridipennis, and the phylogenomics of Meliponini",2023,10.3389/fevo.2023.1171242,Scopus,Multiple,Multiple,2,Lepidotrigona; Tetragonula
156,156,"Complete mitochondrial genome of the stingless bee Geniotrigona thoracica (Hymenoptera, Apidae, Meliponini): presence of genome duplication, heteroplasmy and inverted repeats",2026,10.1007/s11033-026-11603-6,Scopus,Multiple,Multiple,7,Ebaiotrigona; Geniotrigona; Heterotrigona; Lepidotrigona; Melipona; Plebeina; Tetragonula
157,157,"New highly discordant chromosome number and cytogenetic characterization in Trigona (Apidae, Meliponini)",2025,10.1007/s13592-025-01189-6,Scopus,Trigona,Trigona,1,Trigona
158,158,Antimicrobial activity and antibiotic resistance of lactic acid bacteria isolated from Malaysian stingless bee's gut,2019,10.21161/mjm.1915410,Scopus,Multiple,Multiple,3,Geniotrigona; Heterotrigona; Tetragonula
159,159,Human-mediated dispersal of Geniotrigona thoracica (Apidae: Meliponini) colonies promotes high genetic diversity and reduces population structuring in managed populations,2025,10.7717/peerj.20460,Scopus,Geniotrigona,Other_rare_genera,1,Geniotrigona
160,160,"Phylogenetic and Morphological Characteristics Reveal Cryptic Speciation in Stingless Bee, Tetragonula laeviceps s.l. Smith 1857 (Hymenoptera; Meliponinae)",2023,10.3390/insects14050438,Scopus,Tetragonula,Tetragonula,1,Tetragonula
161,161,"The partial mitochondrial sequence of the Old World stingless bee, Tetragonula pagdeni",2013,10.1007/s12041-013-0243-1,Scopus,Tetragonula,Tetragonula,1,Tetragonula
162,162,"Effect of bee species on the physicochemical, bioactive, and microbiological properties of longan honey in Thailand",2026,10.1016/j.jfca.2026.108998,Scopus,Multiple,Multiple,2,Heterotrigona; Tetragonula
163,163,"Cytogenetic characterization of two partamona species (Hymenoptera, Apinae, Meliponini) by fluorochrome staining and localization of 18S rDNA Clusters by FISH",2005,10.1508/cytologia.70.373,Scopus,Partamona,Partamona,1,Partamona
164,164,"Longitudinal differentiation in Melipona mandacaia (Hymenoptera, Meliponini) chromosomes",2003,10.1034/j.1601-5223.2003.01699.x,Scopus,Multiple,Multiple,2,Melipona; Scaptotrigona
165,165,Identification of chemosensory genes in the stingless bee Tetragonisca fiebrigi,2024,10.1093/g3journal/jkae060,Scopus,Tetragonisca,Tetragonisca,1,Tetragonisca
166,166,"Maturation of honey from Uruçú-Amarela (Melipona mondury): Metagenomics, metabolomics by NMR 1H, physicochemical and antioxidant properties",2023,10.1016/j.fochms.2022.100157,Scopus,Melipona,Melipona,1,Melipona
167,167,"Karyotypes and Chromosomal Mapping of Some Repetitive DNAs in Two Stingless Bee Species (Apidae: Meliponini), with the Description of a B Chromosome in Plebeia Genus",2025,10.1159/000542295,Scopus,Multiple,Multiple,2,Frieseomelitta; Plebeia
168,168,"Glycerol-3-phosphate dehydrogenase (G-3-PDH; EC 1.1.1.8) variation in adult Plebeia droryana bees (Apidae, hymenoptera)",1989,10.1007/bf02399676,Scopus,Plebeia,Plebeia,1,Plebeia
169,169,Cytotaxonomy and karyotype evolution in Neotropical Meliponini (Hymenoptera: Apidae) inferred by chromosomal mapping of 18S rDNA and five microsatellites,2024,10.1080/00218839.2023.2179228,Scopus,Tetragonisca,Tetragonisca,1,Tetragonisca
170,170,Caste-specific gene expression in the stingless bee Melipona quadrifasciata - Are there common patterns in highly eusocial bees?,2004,10.1007/s00040-004-0771-z,Scopus,Multiple,Multiple,2,Melipona; Scaptotrigona
171,171,"Whole-Genome sequence of Bacillus sp. SDLI1, isolated from the social bee Scaptotrigona depilis",2016,10.1128/genomea.00174-16,Scopus,Scaptotrigona,Scaptotrigona,1,Scaptotrigona
172,172,Positive selection in cytochrome P450 genes is associated with gonad phenotype and mating strategy in social bees,2023,10.1038/s41598-023-32898-6,Scopus,Melipona,Melipona,1,Melipona
173,173,Multilocus species delimitation in Mesoamerican Scaptotrigona stingless bees (Apidae: Meliponini) supports the existence of cryptic species,2017,10.1111/syen.12201,Scopus,Scaptotrigona,Scaptotrigona,1,Scaptotrigona
174,174,Isolation and characterization of microsatellite markers from the stingless bee Nannotrigona testaceicornis,2009,10.1007/s12686-009-9023-x,Scopus,Nannotrigona,Other_rare_genera,1,Nannotrigona
175,175,Structural Variations in Complete Mitogenome of Stingless Bees Serve as Auxiliary Molecular Markers for Generic Systematics,2026,10.2478/jas-2026-0004,Scopus,Multiple,Multiple,5,Frieseomelitta; Lepidotrigona; Melipona; Tetragonisca; Tetragonula
176,176,The evolution of haploid chromosome numbers in Meliponini,2019,10.1371/journal.pone.0224463,Scopus,Melipona,Melipona,1,Melipona
177,177,Occurrence of deformed wing virus variants in the stingless bee melipona subnitida and honey bee Apis mellifera populations in Brazil,2019,10.1099/jgv.0.001206,Scopus,Melipona,Melipona,1,Melipona
178,178,Genetic variability in captive populations of the stingless bee Tetragonisca angustula,2016,10.1007/s10709-016-9908-z,Scopus,Tetragonisca,Tetragonisca,1,Tetragonisca
179,179,"Mitochondrial DNA characterization of two Partamona species (Hymenoptera, Apidae, Meliponini) by PCR+RFLP and sequencing",2005,10.1051/apido:2005020,Scopus,Multiple,Multiple,3,Melipona; Partamona; Scaptotrigona
180,180,Resolving taxonomic ambiguity and cryptic speciation of Hypotrigona species through morphometrics and DNA barcoding; [Resolviendo la ambigüedad taxonómica y la especiación críptica de las especies de Hypotrigona a través de la morfometría y el código de barras de ADN],2018,10.1080/00218839.2018.1426348,Scopus,Hypotrigona,Other_rare_genera,1,Hypotrigona
181,181,"Comparative cytogenetic analysis reveals chromosomal variability in five stingless bees of the genus Trigona (Apidae, Apinae, Meliponini)",2023,10.1007/s13592-023-01002-2,Scopus,Trigona,Trigona,1,Trigona
182,182,"Analyses of G-bands in Chromosomes of the Melipona quadrifasciata anthidioides Lepeletier (Hymenoptera, Apidae, Meliponinae)",1979,10.1508/cytologia.44.21,Scopus,Melipona,Melipona,1,Melipona
183,183,Chromosomal variation and cytogenetics of plebeia lucii and P. phrynostoma (Hymenoptera: Apidae),2013,10.1653/024.096.0439,Scopus,Plebeia,Plebeia,1,Plebeia
184,184,Transcriptomic analysis of Malpighian tubules from the stingless bee Melipona scutellaris reveals thiamethoxam-induced damages,2022,10.1016/j.scitotenv.2022.158086,Scopus,Melipona,Melipona,1,Melipona
185,185,Epigenetic modifications and their relation to caste and sex determination and adult division of labor in the stingless bee Melipona scutellaris,2017,10.1590/1678-4685-gmb-2016-0242,Scopus,Melipona,Melipona,1,Melipona
186,186,"Potential DNA Barcoding of Local Stingless Honeybee (Tantadan) from Kiulu, Sabah using 28S Ribosomal DNA",2019,10.1088/1742-6596/1358/1/012023,Scopus,Multiple,Multiple,3,Heterotrigona; Lepidotrigona; Tetragonula
187,187,"Cytogenetic Analysis in Trigona spinipes Fabricius (Hymenoptera, Meliponina) Reveals Intraspecific Variation",2021,10.1007/s13744-021-00853-7,Scopus,Trigona,Trigona,1,Trigona
188,188,Retroelement expansions underlie genome evolution in stingless bees,2026,10.1186/s12864-025-12478-w,Scopus,Melipona,Melipona,1,Melipona
189,189,Diploid male production of two amazonian melipona bees (Hymenoptera: Apidae),2012,10.1155/2012/484618,Scopus,Melipona,Melipona,1,Melipona
190,190,Sex determination in bees. IV. Genetic control of juvenile hormone production in Melipona quadrifasciata (Apidae),1975,,Scopus,Melipona,Melipona,1,Melipona
191,191,"Characterization of microsatellite loci for the stingless bee Scaura latitarsis (Hymenoptera, Apidae, Meliponini)",2012,10.3897/jhr.30.3870,Scopus,Multiple,Multiple,3,Plebeia; Scaura; Schwarziana
192,192,"Genetic variability in Melipona quinquefasciata (Hymenoptera, Apidae, Meliponini) from northeastern Brazil determined using the first internal transcribed spacer (ITS1)",2009,10.4238/vol8-2kerr025,Scopus,Melipona,Melipona,1,Melipona
193,193,mt-COI heteroplasmy characterization of Tetragonisca angustula (Hymenoptera: Apidae),2025,10.1007/s13592-025-01181-0,Scopus,Tetragonisca,Tetragonisca,1,Tetragonisca
194,194,Tailed bacteriophages (Caudoviricetes) dominate the microbiome of a diseased stingless bee,2023,10.1590/1678-4685-gmb-2023-0120,Scopus,Melipona,Melipona,1,Melipona
195,195,Bacterial communities of indoor surface of stingless bee nests,2021,10.1371/journal.pone.0252933,Scopus,Multiple,Multiple,4,Frieseomelitta; Melipona; Tetragonisca; Trigona
196,196,Characterization of sex-specific variants of doublesex and feminizer genes in stingless bee species,2020,10.1007/s13592-020-00735-8,Scopus,Multiple,Multiple,3,Frieseomelitta; Melipona; Scaptotrigona
197,197,The nuclear and mitochondrial genomes of Frieseomelitta varia - A highly eusocial stingless bee (Meliponini) with a permanently sterile worker caste,2020,10.1186/s12864-020-06784-8,Scopus,Multiple,Multiple,2,Frieseomelitta; Melipona
198,198,Bacterial microbiota associated with the reproductive tissue of stingless bees,2025,10.1007/s13592-025-01228-2,Scopus,Tetragonula,Tetragonula,1,Tetragonula
199,199,Exploring the Potential of Alcohol-Fermenting Yeast Isolated from Heterotrigona itama Stingless Bees for Beverage Production,2024,10.7454/mss.v28i1.2199,Scopus,Heterotrigona,Heterotrigona,1,Heterotrigona
200,200,Investigating the molecular basis of cleptobiosis in eusocial stingless bees (Apidae: Hymenoptera),2025,10.1016/j.cbd.2025.101645,Scopus,Multiple,Multiple,4,Lestrimelitta; Nannotrigona; Scaptotrigona; Tetragonisca
201,201,"New occurrence of B chromosomes in Partamona helleri (Friese, 1900) (Hymenoptera, Meliponini)",2009,10.1590/s1415-47572009005000065,Scopus,Partamona,Partamona,1,Partamona
202,202,Comparative analysis of the gut microbiota of the sympatric stingless bee species Melipona beecheii and Melipona yucatanica,2026,10.1007/s42770-026-01905-z,Scopus,Melipona,Melipona,1,Melipona
203,203,The Complete Mitochondrial Genome of Lepidotrigona flavibasis (Hymenoptera: Meliponini) and High Gene Rearrangement in Lepidotrigona Mitogenomes,2021,10.1093/jisesa/ieab038,Scopus,Multiple,Multiple,2,Lepidotrigona; Melipona
204,204,Taxonomic patterns of host plants and its impact on honey properties by two sympatric Afrotropical stingless bee species in Zanzibar (Tanzania),2024,10.1111/aje.13257,Scopus,Multiple,Multiple,2,Hypotrigona; Meliponula
205,205,Inter- and intra-population B chromosome variability in Partamona helleri (Apidae: Meliponini),2021,10.1007/s13592-021-00904-3,Scopus,Partamona,Partamona,1,Partamona
206,206,Insights into miRNAs of the Stingless Bee Melipona quadrifasciata,2025,10.3390/ncrna11030048,Scopus,Melipona,Melipona,1,Melipona
207,207,"Unprecedented record of ten novel B chromosomes in the stingless bee Partamona helleri (Apidae, Meliponini)",2014,10.1007/s13592-013-0257-y,Scopus,Partamona,Partamona,1,Partamona
208,208,"Genetic differentiation in the stingless bee, scaptotrigona xanthotricha moure, 1950 (Apidae, Meliponini): A species with wide geographic distribution in the atlantic rainforest",2014,10.1093/jhered/esu031,Scopus,Scaptotrigona,Scaptotrigona,1,Scaptotrigona
209,209,Insights from Melipona bicolor hybrid genome assembly: a stingless bee genome with chromosome-level scaffold,2024,10.1186/s12864-024-10075-x,Scopus,Melipona,Melipona,1,Melipona
210,210,"Molecular Marker to identify two stingless bee species: Tetragonisca angustula and Tetragoniscafiebrigi (Hymenoptera, Meliponinae)",2012,10.13102/sociobiology.v59i1.671,Scopus,Tetragonisca,Tetragonisca,1,Tetragonisca
211,211,"Combining morphology and DNA barcoding resolves the taxonomy of Western Malagasy Liotrigona Moure, 1961 (Hymenoptera: Apidae: Meliponini)",2010,10.5733/afin.051.0210,Scopus,Liotrigona,Other_rare_genera,1,Liotrigona
212,212,"Allozyme variation in the stingless bee Trigona fuscobalteata (hymenoptera, apidae) from Peninsular Malaysia",1986,10.1016/0305-0491(86)90307-x,Scopus,Trigona,Trigona,1,Trigona
213,213,Sex determination in bees. III. Caste determination and genetic control in Melipona,1974,10.1007/bf02331565,Scopus,Melipona,Melipona,1,Melipona
214,214,Genetic architecture of the Tetragonula carbonaria species complex of Australian stingless bees (Hymenoptera: Apidae: Meliponini),2014,10.1111/bij.12292,Scopus,Tetragonula,Tetragonula,1,Tetragonula
215,215,"Apilactobacillus apisilvae sp. nov., Nicolia spurrieriana gen. nov. sp. nov., Bombilactobacillus folatiphilus sp. nov. and Bombilactobacillus thymidiniphilus sp. nov., four new lactic acid bacterial isolates from stingless bees Tetragonula carbonaria and Austroplebeia australis",2022,10.1099/ijsem.0.005588,Scopus,Multiple,Multiple,2,Austroplebeia; Tetragonula
216,216,"Genetic variability in Melipona scutellaris from Recôncavo, Bahia, Brazil",2013,10.4238/2013.september.10.1,Scopus,Melipona,Melipona,1,Melipona
217,217,"First karyotype characterization of four species of Partamona (Friese, 1980) (Hymenoptera, Apidae, Meliponinae) in Mato Grosso State, Brazil",1999,,Scopus,Partamona,Partamona,1,Partamona
218,218,"Isolation, Molecular Identification, and Enzymatic Activity of Microorganisms Associated with the Gut of Stingless Bees Tetragonisca angustula Latreille, 1811",2025,10.1007/s13744-025-01342-x,Scopus,Tetragonisca,Tetragonisca,1,Tetragonisca
219,219,Prevalence of begomoviruses in Trigona fuscipennis and Trigona fulviventris visitors of Jatropha curcas,2023,10.1080/00218839.2020.1756181,Scopus,Trigona,Trigona,1,Trigona
220,220,"Genetic diversity of Melipona mandacaia SMITH 1863 (Hymenoptera, Apidae), an endemic bee species from Brazilian Caatinga, using ISSR",2012,10.1155/2012/372138,Scopus,Melipona,Melipona,1,Melipona
221,221,Effect of low temperature on male meiosis in melipona marginata,1972,10.1080/00218839.1972.11099705,Scopus,Melipona,Melipona,1,Melipona
222,222,Identification of Potential Medicinal Plant Species in Multiflora Trigona Species Honey from Riau Using a Metabarcoding Approach,2025,10.26538/tjnpr/v9i3.39,Scopus,Trigona,Trigona,1,Trigona
223,223,Complete mitochondrial genome of the stingless bee Lepidotrigona terminata (Hymenoptera: Meliponinae) and phylogenetic analysis,2020,10.1080/23802359.2020.1715298,Scopus,Lepidotrigona,Other_rare_genera,1,Lepidotrigona
224,224,Contrasting patterns of foraging behavior in neotropical stingless bees using pollen and honey metabarcoding,2023,10.1038/s41598-023-41304-0,Scopus,Multiple,Multiple,3,Melipona; Scaptotrigona; Tetragonisca
225,225,Genetic and morphometric variation in Schwarziana quadripunctata and Schwarziana mourei (Hymenoptera: Apidae: Meliponini),2022,10.1007/s00040-022-00878-0,Scopus,Schwarziana,Other_rare_genera,1,Schwarziana
226,226,Microbial communities of three sympatric Australian stingless bee species,2014,10.1371/journal.pone.0105718,Scopus,Multiple,Multiple,2,Austroplebeia; Tetragonula
227,227,Transferability of microsatellite primers developed for stingless bees to four other species of the genus Melipona,2011,10.4238/2011.november.22.11,Scopus,Multiple,Multiple,2,Melipona; Trigona
228,228,"Karyotype characterization of Trigona fulviventris Guérin, 1835 (Hymenoptera, Meliponini) by C banding and fluorochrome staining: Report of a new chromosome number in the genus",2005,10.1590/s1415-47572005000300009,Scopus,Trigona,Trigona,1,Trigona
229,229,"Hive Transplantation Has Minimal Impact on the Core Gut Microbiome of the Australian Stingless Bee, Tetragonula carbonaria",2023,10.1007/s00248-023-02222-w,Scopus,Tetragonula,Tetragonula,1,Tetragonula
230,230,Origin of males in Melipona subnitida estimated from data of an isozymic polymorphic system,1976,10.1007/bf00055470,Scopus,Melipona,Melipona,1,Melipona
231,231,Evidences that genetically determined melipona queens can become workers.,1966,,Scopus,Melipona,Melipona,1,Melipona
232,232,"Phylogeography and historical demography of the neotropical stingless bee Melipona quadrifasciata (Hymenoptera, Apidae): Incongruence between morphology and mitochondrial DNA",2010,10.1051/apido/2010001,Scopus,Melipona,Melipona,1,Melipona
233,233,Genetic structure of the commercial stingless bee Heterotrigona itama (Apidae: Meliponini) in Thailand,2024,10.1371/journal.pone.0312386,Scopus,Heterotrigona,Heterotrigona,1,Heterotrigona
234,234,Morphometric and genetic analyses show differentiation of the widely distributed stingless bee Nannotrigona perilampoides (Hymenoptera: Meliponini) across geographic regions in Mexico,2022,10.1080/00218839.2022.2093576,Scopus,Nannotrigona,Other_rare_genera,1,Nannotrigona
235,235,"New Penicillium and Talaromyces species from honey, pollen and nests of stingless bees",2018,10.1007/s10482-018-1081-1,Scopus,Melipona,Melipona,1,Melipona
236,236,"RAPD polymorphism in Tetragonisca angustula (Hymenoptera; Meliponinae, Trigonini) populations",2006,,Scopus,Tetragonisca,Tetragonisca,1,Tetragonisca
237,237,Characterisation of probiotic potential and whole genome analysis of lactic acid bacteria isolated from Tetragonula Laeviceps and Heterotrigona Itama bee bread,2025,10.1007/s10482-025-02191-9,Scopus,Multiple,Multiple,2,Heterotrigona; Tetragonula
238,238,"Preliminary characterization of mitochondrial genome of Melipona scutellaris, a Brazilian stingless bee",2014,10.1155/2014/927546,Scopus,Melipona,Melipona,1,Melipona
239,239,"Mitochondrial and nuclear DNA characterization in the Melipona species (hymenoptera, meliponini) by RFLP analysis",2002,10.1034/j.1601-5223.2002.01685.x,Scopus,Melipona,Melipona,1,Melipona
240,240,"Analysis of the intercaste transcriptional profile of Melipona scutellaris latreille, 1811 (hymenoptera, apidae, meliponini) by mRNA differential display",2009,10.4067/s0716-97602009000100011,Scopus,Melipona,Melipona,1,Melipona
241,241,"Karyotypic description of the stingless bee Oxytrigona cf. flaveola (Hymenoptera, Apidae, Meliponina) of a colony from Tangará da Serra, Mato Grosso state, Brazil",2010,10.1590/s1415-47572010000300020,Scopus,Oxytrigona,Other_rare_genera,1,Oxytrigona
242,242,The virome of an endangered stingless bee suffering from annual mortality in Southern Brazil,2019,10.1099/jgv.0.001273,Scopus,Melipona,Melipona,1,Melipona
243,243,Further evidences of an emerging stingless bee-yeast symbiosis,2023,10.3389/fmicb.2023.1221724,Scopus,Multiple,Multiple,4,Melipona; Partamona; Scaptotrigona; Tetragona
244,244,"Prediction of social structure and genetic relatedness in colonies of the facultative polygynous stingless bee Melipona bicolor (Hymenoptera, Apidae)",2011,10.1590/s1415-47572011005000008,Scopus,Melipona,Melipona,1,Melipona
245,245,Bacterial Community in Apis cerana and Heterotrigona itama Honey Using a Metabarcoding Approach,2026,10.4308/hjb.33.2.310-320,Scopus,Heterotrigona,Heterotrigona,1,Heterotrigona
246,246,"Rapid evolution, rearrangements and whole mitogenome duplication in the Australian stingless bees Tetragonula (Hymenoptera: Apidae): A steppingstone towards understanding mitochondrial function and evolution",2023,10.1016/j.ijbiomac.2023.124568,Scopus,Tetragonula,Tetragonula,1,Tetragonula
247,247,Genetic structure of nest aggregations and drone congregations of the southeast Asian stingless bee Trigona collina,2004,10.1111/j.1365-294x.2004.02194.x,Scopus,Multiple,Multiple,2,Scaptotrigona; Trigona
248,248,"Differentially displayed expressed sequence tags in Melipona scutellaris (Hymenoptera, Apidae, Meliponini) development",2006,10.1590/s0001-37652006000100008,Scopus,Melipona,Melipona,1,Melipona
249,249,"Isolation and characterization of microsatellites from Scaptotrigona xanthotricha (Apidae, Meliponini): A stingless bee in the Brazilian Atlantic rainforest",2012,10.1007/s13592-011-0109-6,Scopus,Scaptotrigona,Scaptotrigona,1,Scaptotrigona
250,250,Metabarcoding in diet assessment of heterotrigona itama based on trnl marker towards domestication program,2021,10.3390/insects12030205,Scopus,Heterotrigona,Heterotrigona,1,Heterotrigona
251,251,"Starmerella meliponinorum sp. nov., a novel ascomycetous yeast species associated with stingless bees",2003,10.1099/ijs.0.02262-0,Scopus,Multiple,Multiple,4,Melipona; Scaptotrigona; Tetragonisca; Trigona
252,252,Biomonitoring via DNA metabarcoding and light microscopy of bee pollen in rainforest transformation landscapes of Sumatra,2022,10.1186/s12862-022-02004-x,Scopus,Tetragonula,Tetragonula,1,Tetragonula
253,253,DNA Barcoding of Stingless Bees (Hymenoptera: Meliponini) in Northern Peruvian Forests: A Plea for Integrative Taxonomy,2022,10.3390/d14080632,Scopus,Multiple,Multiple,12,Geotrigona; Melipona; Nannotrigona; Partamona; Plebeia; Ptilotrigona; Scaptotrigona; Scaura; Tetragona; Tetragonisca; Trigona; Trigonisca
254,254,"Characterization and distribution of supernumerary chromosomes in 23 colonies of Partamona helleri (Hymenoptera, Apidae, Meliponinae)",1997,,Scopus,Partamona,Partamona,1,Partamona
255,255,"Differentiation of Melipona quadrifasciata L. (Hymenoptera, Apidae, Meliponini) subspecies using cytochrome b PCR-RFLP patterns",2008,10.1590/s1415-47572008000300009,Scopus,Melipona,Melipona,1,Melipona
256,256,"Genetic divergence in Tetragonisca angustula Latreille, 1811 (Hymenoptera, Meliponinae,Trigonini) based on rapd markers",2004,10.1590/s1415-47572004000200009,Scopus,Tetragonisca,Tetragonisca,1,Tetragonisca
257,257,"Genome-wide discovery and characterization of microsatellite markers from Melipona fasciculata (Hymenoptera: Apidae), cross-amplification and a snapshot assessment of the genetic diversity in two stingless bee populations",2018,10.14411/eje.2018.058,Scopus,Melipona,Melipona,1,Melipona
258,258,Yeasts from the nests of two Amazonian stingless bees: screening and PCR-RFLP molecular analysis,2022,10.1007/s13199-022-00865-w,Scopus,Multiple,Multiple,2,Cephalotrigona; Melipona
259,259,Expression of methyl farnesoate epoxidase (Mfe) and juvenile hormone esterase (jhe) genes and their relation to social organization in the stingless bee melipona interrupta (hymenoptera: Apidae),2021,10.1590/1678-4685-gmb-2020-0367,Scopus,Melipona,Melipona,1,Melipona
260,260,Phylogenetic analysis of tetragonula minangkabau and other species using cytochrome b gene,2019,10.2478/jas-2019-0008,Scopus,Tetragonula,Tetragonula,1,Tetragonula
261,261,Hybridization and asymmetric introgression between Tetragonisca angustula and Tetragonisca fiebrigi,2014,10.1007/s13592-013-0224-7,Scopus,Tetragonisca,Tetragonisca,1,Tetragonisca
262,262,Exploring the genome of Lactobacillaceae spp. Sy-1 isolated from Heterotrigona itama honey,2022,10.7717/peerj.13053,Scopus,Heterotrigona,Heterotrigona,1,Heterotrigona
263,263,"Karyotype diversity of stingless bees of the genus frieseomelitta (Hymenoptera, apidae, meliponini)",2020,10.13128/caryologia-610,Scopus,Frieseomelitta,Frieseomelitta,1,Frieseomelitta
264,264,"Bacterial diversity of stingless bee honey in Yunnan, China: isolation and genome sequencing of a novel acid-resistant Lactobacillus pentosus (SYBC-MI) with probiotic and L. tryptophan producing potential via millet fermentation",2023,10.3389/fbioe.2023.1272308,Scopus,Trigona,Trigona,1,Trigona
265,265,"Isoenzymatic characterization of the hexokinase in the development of Plebeia droryana (Hymenoptera, Apidae) and its relation with flight activity; [Caracterização isoenzimática da hexoquinase no desenvolvimento de Plebeia droryana (Hymenoptera, Apidae) e sua relação com a atividade de vôo.]",1995,,Scopus,Plebeia,Plebeia,1,Plebeia
266,266,Trouble in the tropics: Pathogen spillover is a threat for native stingless bees,2023,10.1016/j.biocon.2023.110150,Scopus,Melipona,Melipona,1,Melipona
267,267,Supplementary Diets Impact the Abundance of Core Bacteria in the Gut of a Managed Stingless Bee but Not Its Fat Body Size,2025,10.1111/jen.13422,Scopus,Melipona,Melipona,1,Melipona
268,268,"Inheritance pattern of RAPD markers in Melipona quadrifasciata (Hymenoptera: Apidae, Meliponinae)",2001,10.1093/jhered/92.3.279,Scopus,Melipona,Melipona,1,Melipona
269,269,"Comprehensive Insights into Malaysian Stingless Bee Honey: Biodiversity, Therapeutic Benefits, and Analytical Approaches",2025,10.55373/mjchem.v27i1.61,Scopus,Multiple,Multiple,2,Geniotrigona; Heterotrigona
270,270,Cytogenetic characterization of Austroplebeia australis: evolutionary hints from a stingless bee outside the Neotropical region,2022,10.1007/s13592-022-00969-8,Scopus,Austroplebeia,Other_rare_genera,1,Austroplebeia
271,271,Home Sweet Home: Yeasts Living in Substrates Associated with Melipona scutellaris in the Brazilian Atlantic Forest,2024,10.13102/sociobiology.v71i2.10359,Scopus,Melipona,Melipona,1,Melipona
272,272,Gene Flow from Wild to Managed Colonies in the Stingless Bee Scaptotrigona Mexicana and an Update on its Mating Frequency,2021,10.2478/jas-2021-0020,Scopus,Scaptotrigona,Scaptotrigona,1,Scaptotrigona
273,273,A molecular phylogeny of the stingless bee genus Melipona (Hymenoptera: Apidae),2010,10.1016/j.ympev.2010.04.026,Scopus,Melipona,Melipona,1,Melipona
274,274,Conserved numts mask a highly divergent mitochondrial-COI gene in a species complex of Australian stingless bees Tetragonula (Hymenoptera: Apidae),2019,10.1080/24701394.2019.1665036,Scopus,Multiple,Multiple,2,Melipona; Tetragonula
275,275,Genome size variation in Melipona species (Hymenoptera: Apidae) and sub-grouping by their DNA content,2010,10.1051/apido/20010023,Scopus,Melipona,Melipona,1,Melipona
276,276,"Comparative cytogenetic analysis of three species of the genus Partamona (Apidae, Meliponini)",2021,10.1007/s13592-020-00798-7,Scopus,Partamona,Partamona,1,Partamona
277,277,Integrative approach untangles the misconceptions about the range and identity of two stingless bees from the Brazilian semiarid region,2020,10.1080/00218839.2019.1673594,Scopus,Melipona,Melipona,1,Melipona
278,278,Sugar response and gustatory gene expression in the stingless bee Tetragonisca fiebrigi,2025,10.1016/j.jinsphys.2025.104818,Scopus,Tetragonisca,Tetragonisca,1,Tetragonisca
279,279,"Characterization of antennal sensilla, larvae morphology and olfactory genes of Melipona scutellaris stingless bee",2017,10.1371/journal.pone.0174857,Scopus,Melipona,Melipona,1,Melipona
280,280,Detection of mitochondrial DNA restriction site differences between the subspecies of Melipona quadrifasciata Lepeletier (Hymenoptera: Apidae: Meliponini); [Detecção de diferenças no padrão de restrição do DNA mitocondrial entre duas subespécies de Melipona quadrifasciata Lepeletier (Hymenoptera: Apidae: Meliponini)],2005,10.1590/s1519-566x2005000300004,Scopus,Melipona,Melipona,1,Melipona
281,281,"Gene copy number and differential gene expression in haploid and diploid males of the stingless bee, Melipona quadrifasciata",2012,10.1007/s00040-012-0259-1,Scopus,Melipona,Melipona,1,Melipona
282,282,Microsatellite loci for stingless bees,1998,,Scopus,Melipona,Melipona,1,Melipona
283,283,Genetic diversity in nannotrigona testaceicornis (Hymenoptera: Apidae) aggregations in southeastern Brazil,2017,10.1093/jisesa/iew101,Scopus,Nannotrigona,Other_rare_genera,1,Nannotrigona
284,284,"DNA characterization and karyotypic evolution in the bee genus Melipona (Hymenoptera, Meliponini)",2002,10.1034/j.1601-5223.2002.1360104.x,Scopus,Multiple,Multiple,2,Melipona; Scaptotrigona
285,285,Recombination mapping of the Brazilian stingless bee Frieseomelitta varia confirms high recombination rates in social hymenoptera,2021,10.1186/s12864-021-07987-3,Scopus,Frieseomelitta,Frieseomelitta,1,Frieseomelitta
286,286,Diagnostics of wild stingless bees from northeast india,2020,10.5958/0974-8172.2020.00076.0,Scopus,Multiple,Multiple,2,Lepidotrigona; Tetragonula
287,287,Preliminary molecular characterization of Angelita Bees (Tetragonisca Angustula) from Guarico state through RAPD markers; [Caracterización molecular preliminar de abejas Angelita (Tetragonisca Angustula) del estado Guárico mediante marcadores moleculares RAPD],2014,,Scopus,Tetragonisca,Tetragonisca,1,Tetragonisca
288,288,Molecular identification of Amazonian stingless bees using polymerase chain reaction single-strand conformation polymorphism,2014,10.4238/2014.july.25.4,Scopus,Multiple,Multiple,3,Melipona; Scaptotrigona; Trigona
289,289,The first ITS2 sequence data set of eDNA from honey of Malaysian giant honeybees (Apis dorsata) and stingless bees (Heterotrigona itama) reveals plant species diversity,2023,10.1186/s13104-023-06495-9,Scopus,Heterotrigona,Heterotrigona,1,Heterotrigona
290,290,"Morphological, chemical, and molecular analyses differentiate populations of the subterranean nesting stingless bee Mourella caerulea (Apidae: Meliponini)",2018,10.1007/s13592-018-0563-5,Scopus,Mourella,Other_rare_genera,1,Mourella
291,291,Pot-pollen DNA barcoding as a tool to determine the diversity of plant species visited by Ecuadorian stingless bees,2025,10.1371/journal.pone.0323306,Scopus,Multiple,Multiple,3,Melipona; Scaptotrigona; Tetragonisca
292,292,Phylogenetic relationships of heterotrigona itama in Malaysia based on COI DNA sequences,2018,,Scopus,Heterotrigona,Heterotrigona,1,Heterotrigona
293,293,Isoenzymes related to flight activity in Tetragonisca angustula (Hymenoptera:Apidae:Meliponinae): Evidence of postranslational modification of the hexokinase and detection of new glycerol-3-phosphate dehydrogenase variants,1995,10.1007/bf00554595,Scopus,Tetragonisca,Tetragonisca,1,Tetragonisca
294,294,Sex determination in bees XXI. Number of xo-heteroalleles in a natural population of Melipona compressipes fasciculata (Apidae),1987,10.1007/bf02224359,Scopus,Melipona,Melipona,1,Melipona
295,295,"Evidence of at least two evolutionary lineages in Melipona subnitida (Apidae, Meliponini) suggested by mtDNA variability and geometric morphometrics of forewings",2014,10.1007/s00114-013-1123-5,Scopus,Melipona,Melipona,1,Melipona
296,296,"Bacteria, yeasts, and fungi associated with larval food of Brazilian native stingless bees",2023,10.1038/s41598-023-32298-w,Scopus,Multiple,Multiple,3,Frieseomelitta; Melipona; Tetragonisca
297,297,"Variation and genetic structure of Melipona quadrifasciata Lepeletier (Hymenoptera, Apidae) populations based on ISSR pattern",2010,10.1590/s1415-47572010005000052,Scopus,Melipona,Melipona,1,Melipona
298,298,Isolation and characterization of microsatellite loci in the stingless bee Melipona interrupta manaosensis (Apidae: Meliponini),2010,10.1007/s12686-009-9130-8,Scopus,Melipona,Melipona,1,Melipona
299,299,Development of polyploidy in silk glands of Melipona quadrifasciata anthidioides Lep. (Hym. apoidea) during the larval stage,1969,10.1002/jez.1401700203,Scopus,Melipona,Melipona,1,Melipona
300,300,Supernumerary B Chromosomes of Tetragonisca fiebrigi Share Repeat Content with Standard Chromosome Set of both T. fiebrigi and Tetragonisca angustula (Apidae: Meliponini),2023,10.1159/000533431,Scopus,Tetragonisca,Tetragonisca,1,Tetragonisca
301,301,The genomes sequenced for the neotropical stingless bees Scaptotrigona bipunctata and S. depilis strengthen the phylogenomics support for the taxonomy of social bees,2025,10.1590/1678-4685-gmb-2024-0255,Scopus,Scaptotrigona,Scaptotrigona,1,Scaptotrigona
302,302,Risk of local extinction and genetic diversity of Melipona quadrifasciata (Apidae: Meliponini) in a possible northeastern limit of its distribution in Brazil,2016,10.13102/sociobiology.v63i2.946,Scopus,Melipona,Melipona,1,Melipona
303,303,Genetic variability of stingless bees Melipona mondury Smith and Melipona quadrifasciata Lepeletier (Hymenoptera: Apidae) from a meliponary,2014,10.13102/sociobiology.v61i3.313-317,Scopus,Melipona,Melipona,1,Melipona
304,304,Enzymatic amplification and nucleotide sequencing of portions of the 18s rRNA gene of the bee Proplebeia dominicana (Apidae: Hymenoptera) isolated from 25-40 million year old Dominican amber,1992,,Scopus,Proplebeia,Other_rare_genera,1,Proplebeia
305,305,Unusual mitochondrial tRNA rearrangements in stingless bee Tetragonula pagdeni and phylogenetic analysis,2022,10.1111/ens.12526,Scopus,Multiple,Multiple,3,Lepidotrigona; Melipona; Tetragonula
306,306,Eusocial bee male aggregations: Spatially and temporally separated but genetically homogenous,2016,10.1111/eea.12407,Scopus,Tetragonisca,Tetragonisca,1,Tetragonisca
307,307,"Investigation of Partamona helleri (Apidae, Meliponini) B chromosome origin. An approach by microdissection and whole chromosome painting",2013,10.1007/s13592-012-0157-6,Scopus,Partamona,Partamona,1,Partamona
308,308,"Sequence and RFLP analysis of the ITS2 ribosomal DNA in two Neotropical social bees, Melipona beecheii and Melipona yucatanica (Apidae, Meliponini)",2007,10.1007/s00040-007-0962-5,Scopus,Melipona,Melipona,1,Melipona
309,309,10-hydroxy-2E-decenoic acid (10HDA) does not promote caste differentiation in Melipona scutellaris stingless bees,2021,10.1038/s41598-021-89212-5,Scopus,Melipona,Melipona,1,Melipona
310,310,Cultured-dependent and cultured-independent study of bacteria associated with Thai commercial stingless bee Lepidotrigona terminata,2020,10.1080/00218839.2020.1831285,Scopus,Lepidotrigona,Other_rare_genera,1,Lepidotrigona
311,311,"Genetic divergence between Melipona quadrifasciata Lepeletier (Hymenoptera, Apidae) populations",2013,10.1590/s1415-47572013000100016,Scopus,Melipona,Melipona,1,Melipona
312,312,Identification of Lactobacillus spp. and Fructobacillus spp. isolated from fresh Heterotrigona itama honey and their antagonistic activities against clinical pathogenic bacteria; [Identificación de Lactobacillus spp. y Fructobacillus spp. aislados de la miel fresca de Heterotrigona itama y sus actividades antagónicas contra las bacterias patógenas clínicas],2018,10.1080/00218839.2018.1428047,Scopus,Multiple,Multiple,2,Heterotrigona; Trigona
313,313,Occurrence and Origin of Supernumerary Chromosomes in Partamona (Hymenoptera: Apidae: Meliponini),2017,10.1159/000452290,Scopus,Partamona,Partamona,1,Partamona
314,314,Genetic Diversity of the Stingless Bee Scaptotrigona mexicana (Guérin) in the Gulf of Mexico Slope: Genetic Diversity of the Stingless Bee Scaptotrigona mexicana (Guérin) in the Gulf of Mexico Slope: A. Rodríguez et al.,2025,10.1007/s13744-024-01213-x,Scopus,Scaptotrigona,Scaptotrigona,1,Scaptotrigona
315,315,"Mitochondrial discrimination of stingless bees Tetragonisca angustula (Apidae: Meliponini) from Santa Catarina state, Brazil",2010,10.1051/apido/2009082,Scopus,Tetragonisca,Tetragonisca,1,Tetragonisca
316,316,A study on the genetic variability of stingless bees in terengganu by using random amplified polymorphic dna (Rapd) markers: A preliminary assessment,2020,,Scopus,Multiple,Multiple,2,Heterotrigona; Tetragonula
317,317,"Cytogenetics of three Melipona species (Hymenoptera, Apidae, Meliponini)",2011,,Scopus,Melipona,Melipona,1,Melipona
318,318,Probiotic Potential of Lactic Acid Bacteria from Honey of Three Different Type Honeybees; [Potensi Probiotik Bakteri Asam Laktat Asal Madu dari Tiga Jenis Lebah yang Berbeda],2022,10.6066/jtip.2022.33.2.189,Scopus,Multiple,Multiple,2,Heterotrigona; Trigona
319,319,"The first dataset of de novo transcriptome assembly of Heterotrigona itama (Apidae, Meliponinae) queen larva",2020,10.1016/j.dib.2020.105235,Scopus,Heterotrigona,Heterotrigona,1,Heterotrigona
320,320,"Occurrence of multiple nucleolus organizer regions and intraspecific karyotype variation in Scaptotrigona xanthotricha Moure (Hymenoptera, Meliponini)",2009,10.4238/vol8-3gmr598,Scopus,Scaptotrigona,Scaptotrigona,1,Scaptotrigona
321,321,Microsatellite loci for the stingless bee Melipona rufiventris (Hymenoptera: Apidae),2009,10.1111/j.1755-0998.2008.02486.x,Scopus,Multiple,Multiple,2,Melipona; Partamona
322,322,"Supernumerary chromosomes in Partamona cupira (Hymenoptera, Apidae, Meliponinae)",1992,,Scopus,Partamona,Partamona,1,Partamona
323,323,Micro-Interferometry of Insect Polyploid Nuclei,1972,10.1508/cytologia.37.261,Scopus,Melipona,Melipona,1,Melipona
324,324,"Microsatellite marker discovery in the stingless bee uruçu-amarela (Melipona rufiventris group, hymenoptera, meliponini) for population genetic analysis",2019,10.3390/insects10120450,Scopus,Melipona,Melipona,1,Melipona
325,325,"Transcript levels of ten caste-related genes in adult diploid males of Melipona quadrifasciata(Hymenoptera, Apidae) - A comparison with haploid males, queens and workers",2011,10.1590/s1415-47572011005000050,Scopus,Melipona,Melipona,1,Melipona
326,326,"Molecular cytogenetics in the study of repetitive sequences helping to understand the evolution of heterochromatin in Melipona (Hymenoptera, Meliponini)",2021,10.1007/s10709-020-00111-5,Scopus,Melipona,Melipona,1,Melipona
327,327,A scientific note on the characterization of microsatellite loci for Melipona mondury (Hymenoptera: Apidae),2010,10.1051/apido/2009067,Scopus,Melipona,Melipona,1,Melipona
328,328,A genetic and morphological survey to trace the origin of Melipona beecheii (Apidae: Meliponini) from Cuba,2019,10.1007/s13592-019-00696-7,Scopus,Melipona,Melipona,1,Melipona
329,329,"Different Levels of Chromatin Condensation in Partamona chapadicola and Partamona nhambiquara (Hymenoptera, Apidae)",2020,10.1159/000507835,Scopus,Partamona,Partamona,1,Partamona
330,330,"Mitochondrial genome heteroplasmy and phylogenomics of the stingless bee Tetragonula laeviceps (Apidae, Apinae, Meliponini)",2024,10.1007/s13592-024-01096-2,Scopus,Tetragonula,Tetragonula,1,Tetragonula
331,331,"Comparative molecular cytogenetics in five species of stingless bees (Hymenoptera, Apidae)",2023,10.1016/j.jcz.2022.11.008,Scopus,Multiple,Multiple,4,Cephalotrigona; Melipona; Partamona; Tetragona
332,332,"Morphometric and molecular identification, domestication, and potentials of stingless bees (Apidae: Meliponini) in Mount Halimun Salak National Park, West Java, Indonesia",2023,10.13057/biodiv/d241132,Scopus,Multiple,Multiple,2,Heterotrigona; Tetragonula
333,333,The queen is dead - Long live the workers: Intraspecific parasitism by workers in the stingless bee Melipona scutellaris,2009,10.1111/j.1365-294x.2009.04323.x,Scopus,Melipona,Melipona,1,Melipona
334,334,Temporal Changes in Gut Microbiota Composition and Pollen Diet Associated with Colony Weakness of a Stingless Bee,2023,10.1007/s00248-022-02027-3,Scopus,Melipona,Melipona,1,Melipona
335,335,Population structuring of the ubiquitous stingless bee Tetragonisca angustula in southern Brazil as revealed by microsatellite and mitochondrial markers,2017,10.1111/1744-7917.12371,Scopus,Tetragonisca,Tetragonisca,1,Tetragonisca
336,336,"The mitochondrial genome of the stingless bee Melipona bicolor (Hymenoptera, Apidae, Meliponini): Sequence, gene organization and a unique tRNA translocation event conserved across the tribe Meliponini",2008,10.1590/s1415-47572008000300010,Scopus,Melipona,Melipona,1,Melipona
337,337,Mitochondrial genome differences between the stingless bees Melipona rufiventris and Melipona mondury (Apidae: Meliponini),2007,,Scopus,Melipona,Melipona,1,Melipona
338,338,The Complete Mitochondrial Genome of the Stingless Bee Meliplebeia beccarii (Hymenoptera: Apidae: Meliponini) and Insights into Unusual Gene Rearrangement,2025,10.3390/ijms262110588,Scopus,Meliplebeia,Other_rare_genera,1,Meliplebeia
339,339,"An updated molecular phylogeny of the stingless bees of the genus Trigona (Hymenoptera, Meliponini) of the northern Peruvian forests",2023,10.3897/jhr.96.105311,Scopus,Trigona,Trigona,1,Trigona
340,340,"Chromosomal mapping of Repetitive DNA in Melipona Seminigra Merrillae Cockerell, 1919 (Hymenoptera, Apidae, Meliponini)",2021,10.3897/compcytogen.v15i1.56430,Scopus,Melipona,Melipona,1,Melipona
341,341,Taxonomic identification of stingless bees (Hymenoptera: Apidae: Meliponini) from selected locations of Tanzania using DNA barcoding,2025,10.1016/j.egg.2025.100402,Scopus,Multiple,Multiple,4,Axestotrigona; Dactylurina; Hypotrigona; Plebeina
342,342,Characterization and identification of lactic acid bacteria from Mexican stingless bees (Apidae: Meliponini),2021,10.1088/1755-1315/858/1/012010,Scopus,Multiple,Multiple,3,Melipona; Plebeia; Scaptotrigona
343,343,"First draft genome assembly of the malaysian stingless bee, heterotrigona itama (Apidae, meliponinae)",2020,10.3390/data5040112,Scopus,Heterotrigona,Heterotrigona,1,Heterotrigona
344,344,Genetic characterization of melipona subnitida stingless bee in Brazilian Northeast,2019,10.13102/sociobiology.v66i4.3408,Scopus,Melipona,Melipona,1,Melipona
345,345,"Cytogenetic characterization of two species of Frieseomelittaihering, 1912 (Hymenoptera, Apidae, Meliponini)",2011,10.1590/s1415-47572011005000010,Scopus,Frieseomelitta,Frieseomelitta,1,Frieseomelitta
346,346,Report on the microbiota of Melipona quadrifasciata affected by a recurrent disease,2017,10.1016/j.jip.2016.11.012,Scopus,Melipona,Melipona,1,Melipona
347,347,Nest architecture and genetic differentiation in a species complex of Australian stingless bees,2004,10.1111/j.1365-294x.2004.02236.x,Scopus,Multiple,Multiple,3,Heterotrigona; Scaptotrigona; Trigona
348,348,"Feulgen-DNA response and chromatin condensation in Malpighian tubules of Melipona rufiventris and Melipona quadrifasciata (Hymenoptera, Apoidea)",2008,10.1016/j.cellbi.2008.04.010,Scopus,Melipona,Melipona,1,Melipona
349,349,Detection and identification of Melissococcus plutonius in stingless bees (Apidae: Meliponini) from Brazil,2025,10.1016/j.jip.2025.108418,Scopus,Multiple,Multiple,5,Melipona; Nannotrigona; Partamona; Plebeia; Tetragonisca
350,350,"Cytogenetic characterization of Melipona rufiventris Lepeletier 1836 and Melipona mondury Smith 1863 (Hymenoptera, Apidae) by C banding and fluorochromes staining",2008,10.1590/s1415-47572008000100010,Scopus,Melipona,Melipona,1,Melipona
351,351,An optimized method for the generation of AFLP markers in a stingless bee (Melipona quadrifasciata) reveals a high degree of intracolonial genetic polymorphism,2006,10.1051/apido:2006043,Scopus,Multiple,Multiple,2,Melipona; Scaptotrigona
352,352,"Cobalt chloride induces metaphase when topically applied to larvae and pupae of the stingless bee Melipona scutellaris (Hymenoptera, Apidae, Meliponini)",2013,10.4238/2013.february.6.1,Scopus,Melipona,Melipona,1,Melipona
353,353,"Sublethal pesticide exposure alters stress response, detoxification, and immunity gene expression in larvae of the stingless bee Frieseomelitta varia (Apidae: Meliponini)",2025,10.1007/s11356-025-36111-1,Scopus,Frieseomelitta,Frieseomelitta,1,Frieseomelitta
354,354,"HIGH GENETIC VARIATIONS OF THE STINGLESS BEE Tetragonula laeviceps BASED ON MITOCHONDRIAL DNA OF CYTOCHROME C OXIDASE SUBUNIT 1 (CO1) GENE IN SUMATRA AND JAVA, INDONESIA",2023,10.17576/serangga-2023-2803-20,Scopus,Multiple,Multiple,2,Melipona; Tetragonula
355,355,"Methyl farnesoate epoxidase (mfe) gene expression and juvenile hormone titers in the life cycle of a highly eusocial stingless bee, Melipona scutellaris",2017,10.1016/j.jinsphys.2017.08.001,Scopus,Melipona,Melipona,1,Melipona
356,356,"Sex determination in bees. XXXIII. Decrease of xo heteroalleles in a finite population of Melipona scutellaris (Apidae, Meliponini)",1995,,Scopus,Melipona,Melipona,1,Melipona
357,357,"Utility of the ITS1 region for phylogenetic analysis in stingless bees: A case study of the endangered Melipona yucatanica Camargo, Moure and Roubik (Apidae: Meliponini)",2014,10.13102/sociobiology.v61i4.470-477,Scopus,Melipona,Melipona,1,Melipona
358,358,"Characterization of microsatellite loci for Trigona carbonaria, a stingless bee endemic to Australia",2001,10.1046/j.1471-8278.2001.00041.x,Scopus,Trigona,Trigona,1,Trigona
359,359,"The first internal transcribed spacer (ITS-1) of Melipona species (Hymenoptera, Apidae, Meliponini): Characterization and phylogenetic analysis",2005,10.1007/s00040-004-0767-8,Scopus,Melipona,Melipona,1,Melipona
360,360,Molecular characterization of the gene feminizer in the stingless bee Melipona interrupta (Hymenoptera: Apidae) reveals association to sex and caste development,2015,10.1016/j.ibmb.2015.09.008,Scopus,Melipona,Melipona,1,Melipona
361,361,"Genetic structure of colonies and a male aggregation in the stingless bee Scaptotrigona postica, as revealed by microsatellite analysis",2000,10.1007/s000400050010,Scopus,Scaptotrigona,Scaptotrigona,1,Scaptotrigona
362,362,The role of sex-biased dispersion in promoting mitonuclear discordance in Partamona helleri (Hymenoptera: Apidae: Meliponini),2022,10.1093/biolinnean/blac046,Scopus,Partamona,Partamona,1,Partamona
363,363,"DNA BARCODING OF STINGLESS BEES FROM KALIMANTAN, INDONESIA",2026,10.55446/ije.2025.1880,Scopus,Multiple,Multiple,6,Geniotrigona; Heterotrigona; Homotrigona; Lepidotrigona; Tetragonula; Wallacetrigona
364,364,A geometric morphometric and microsatellite analyses of Scaptotrigona mexicana and S. pectoralis (Apidae: Meliponini) sheds light on the biodiversity of Mesoamerican stingless bees,2016,10.1007/s10841-016-9899-1,Scopus,Scaptotrigona,Scaptotrigona,1,Scaptotrigona
365,365,Assessment of the midgut microbiota in foragers of the stingless bee Melipona scutellaris following short-term sublethal exposure to imidacloprid,2025,10.1371/journal.pone.0339982,Scopus,Melipona,Melipona,1,Melipona
366,366,Isolation and partial characterisation of DNA from the bee Proplebeia dominicana (Apidae: Hymenoptera) in 25-40 million year old amber,1992,,Scopus,Proplebeia,Other_rare_genera,1,Proplebeia
367,367,"New molecular evidence for fragmentation between two distant populations of the threatened stingless bee Melipona subnitida Ducke (Hymenoptera, Apidae, Meliponini)",2014,10.3897/jhr.38.7302,Scopus,Melipona,Melipona,1,Melipona
368,368,Microbial diversity in stingless bee gut is linked to host wing size and influenced by the environment,2023,10.1016/j.jip.2023.107909,Scopus,Multiple,Multiple,2,Austroplebeia; Tetragonula
369,369,"Isoenzyme variation in Melipona rufiventris (Hymenoptera: Apidae, Meliponina) in Minas Gerais State, Brazil",2005,10.1007/s10528-005-1066-4,Scopus,Melipona,Melipona,1,Melipona
370,370,Inconsistent changes on infuscation and length of the forewing of Heterotrigona itama populations supported by COI Phylogeny,2025,10.1080/00218839.2024.2323882,Scopus,Heterotrigona,Heterotrigona,1,Heterotrigona
371,371,"Geographic variation in tetragonisca angustula (hymenoptera, apidae, meliponinae)",2005,10.1080/00218839.2005.11101157,Scopus,Multiple,Multiple,2,Scaptotrigona; Tetragonisca
372,372,"A Deep Metagenomic Snapshot as a Proof-of-Concept for Resource Generation: Simultaneous Assembly of Host, Food, and Microbiome Genomes From Stingless Bee Larval Food",2025,10.1002/ece3.72546,Scopus,Tetragonisca,Tetragonisca,1,Tetragonisca
373,373,"Cytogenetic Analysis and Chromosomal Mapping of Repetitive DNA in Melipona Species (Hymenoptera, Meliponini)",2019,10.1159/000501754,Scopus,Melipona,Melipona,1,Melipona
374,374,Phylogenetic analyses of antibiotic-producing Streptomyces sp. isolates obtained from the stingless-bee Tetragonisca angustula (Apidae: Meliponini),2019,10.1099/mic.0.000754,Scopus,Tetragonisca,Tetragonisca,1,Tetragonisca
375,375,Karyotypic variation in the stingless bee Trigona spinipes (Hymenoptera: Apidae: Meliponini) from different geographical regions of Brazil,2021,10.1007/s13592-021-00906-1,Scopus,Trigona,Trigona,1,Trigona
376,376,Different repetitive DNA sequences make up heterochromatin in Meliponini,2020,10.1007/s13592-020-00766-1,Scopus,Tetragonisca,Tetragonisca,1,Tetragonisca
377,377,"The post-embryonic changes in melipona quadrifasciata anthidioides lep. (hym., Apoidea)",1969,10.1508/cytologia.34.369,Scopus,Melipona,Melipona,1,Melipona
378,378,"Melipona stingless bees and honey microbiota reveal the diversity, composition, and modes of symbionts transmission",2024,10.1093/femsec/fiae063,Scopus,Melipona,Melipona,1,Melipona
379,379,Isolation and characterization of 15 microsatellite loci in the stingless bee Plebeia remota (Apidae: Meliponini),2011,10.1007/s12686-010-9369-0,Scopus,Plebeia,Plebeia,1,Plebeia
380,380,A molecular phylogeny and the evolution of nest architecture and behavior in Trigona s.s. (Hymenoptera: Apidae: Meliponini),2008,10.1051/apido:2007051,Scopus,Trigona,Trigona,1,Trigona
381,381,A molecular phylogeny of the Old World stingless bees (Hymenoptera: Apidae: Meliponini) and the non-monophyly of the large genus Trigona,2007,10.1111/j.1365-3113.2006.00362.x,Scopus,Multiple,Multiple,3,Heterotrigona; Melipona; Trigona
382,382,Development of a species-diagnostic marker and its application for population genetics studies of the stingless bee Trigona collina in Thailand,2010,10.4238/vol9-2gmr775,Scopus,Trigona,Trigona,1,Trigona
383,383,Extinction of anciently associated gut bacterial symbionts in a clade of stingless bees,2021,10.1038/s41396-021-01000-1,Scopus,Melipona,Melipona,1,Melipona
384,384,Molecular markers as a tool for population and evolutionary studies of stingless bees,2006,10.1051/apido:2006021,Web of Science,Unclassified,Unclassified,0,
385,385,Vitellogenin gene expression in stingless bee workers differing in egg-laying behavior,2007,10.1007/s00040-007-0913-1,Web of Science,Multiple,Multiple,3,Frieseomelitta; Melipona; Scaptotrigona
386,386,EVOLUTION OF THE MECHANISM OF CASTE DETERMINATION IN THE GENUS MELIPONA,1950,10.2307/2405530,Web of Science,Multiple,Multiple,3,Lestrimelitta; Melipona; Trigona
387,387,GENETIC-VARIABILITY IN NATURAL-POPULATIONS OF BRAZILIAN SOCIAL BEES .2. ELECTROPHORETIC DATA FOR PGM AND MDH GIVE EVIDENCE FOR MULTIPLE FERTILIZATIONS IN STINGLESS BEES,1991,,Web of Science,Multiple,Multiple,4,Melipona; Partamona; Plebeia; Scaptotrigona
388,388,"GENETIC-VARIABILITY IN NATURAL-POPULATIONS OF BRAZILIAN SOCIAL BEES .3. ELECTROPHORETIC DATA FOR ME, GPD, SOD AND IDH",1991,,Web of Science,Multiple,Multiple,4,Friesella; Melipona; Partamona; Scaptotrigona
389,389,MUTATION IN BEES .3. APPLICATION IN BEE POPULATIONS OF A MUTATION-RATE,1986,,Web of Science,Multiple,Multiple,2,Melipona; Scaptotrigona
390,390,Ultraspiracle of the stingless bees Melipona scutellaris and Scaptotrigona depilis:: cDNA sequence and expression profiles during pupal development,2007,10.1051/apido:2007035,Web of Science,Multiple,Multiple,2,Melipona; Scaptotrigona
391,391,GENETIC-VARIABILITY IN NATURAL-POPULATIONS OF BRAZILIAN SOCIAL BEES .1. ISOZYME PATTERNS AND POLYMORPHISM FOR ESTERASES AND TOTAL PROTEIN,1990,,Web of Science,Multiple,Multiple,2,Melipona; Plebeia
392,392,"Molecular Marker to Identify Two Stingless Bee Species: Tetragonisca angustula and Tetragonisca fiebrigi (Hymenoptera, Meliponinae)",2012,,Web of Science,Tetragonisca,Tetragonisca,1,Tetragonisca
393,393,Developmental and behavioral modulation of humoral immunity in the stingless bee Frieseomelitta varia,2026,10.1007/s13592-026-01270-8,Web of Science,Frieseomelitta,Frieseomelitta,1,Frieseomelitta
394,394,Conserved gut microbiomes with cross-species spillover between sympatric Neotropical stingless bees and honey bees,2026,10.1128/aem.02483-25,Web of Science,Melipona,Melipona,1,Melipona
395,395,"Genetic divergence between populations of the stingless bee uruqu amarela (Melipona rufiventris group, Hymenoptera, Meliponini):: Is there a new Melipona species in the Brazilian state of Minas Gerais?",2007,10.1590/s1415-47572007000400027,Web of Science,Melipona,Melipona,1,Melipona
396,396,"SEX DETERMINATION IN BEES .33. DECREASE OF XO-HETEROALLELES IN A FINITE POPULATION OF MELIPONA-SCUTELLARIS (APIDAE, MELIPONINI)",1995,,Web of Science,Melipona,Melipona,1,Melipona
397,397,"Heat shock genes in the stingless bee Melipona interrupta (Hymenoptera, Meliponini)",2018,10.4238/gmr18062,Web of Science,Melipona,Melipona,1,Melipona
398,398,BACILLUS DNA IN FOSSIL BEES - AN ANCIENT SYMBIOSIS,1994,10.1128/aem.60.6.2164-2167.1994,Web of Science,Proplebeia,Other_rare_genera,1,Proplebeia
399,399,GENETIC DETERMINATION OF CASTES IN THE GENUS MELIPONA,1950,,Web of Science,Melipona,Melipona,1,Melipona
400,400,Evidence for Gradients of Melipona rufiventris (Hymenoptera: Apidae) Genetic Diversity within the Brazilian Semiarid,2022,10.51847/3bdobenvih,Web of Science,Melipona,Melipona,1,Melipona
401,401,"The microbiota of stingless bees: adaptive advantages in their development, feeding, and protection",2024,10.1127/entomologia/2024/2360,Web of Science,Unclassified,Unclassified,0,
402,402,A COMPARATIVE-STUDY OF ESTERASE ISOZYMES IN HYMENOPTERA,1987,,Web of Science,Trigona,Trigona,1,Trigona
403,403,A COMPARATIVE-STUDY OF ESTERASE ISOZYMES IN 6 SPECIES OF APIS AND 9 GENERA OF APOIDEA,1986,10.1080/00218839.1986.11100705,Web of Science,Trigona,Trigona,1,Trigona
404,404,Mitochondrial sequencing and geometric morphometrics suggest two clades in the Tetragonilla collina (Apidae: Meliponini) population of Thailand,2017,10.1007/s13592-017-0517-3,Web of Science,Unclassified,Unclassified,0,
405,405,Genes versus environment: geography and phylogenetic relationships shape the chemical profiles of stingless bees on a global scale,2013,10.1098/rspb.2013.0680,Web of Science,Unclassified,Unclassified,0,
406,406,"DIET INFLUENCE ON THE EVOLUTION OF THE DNA CONTENT AND NUCLEAR-SURFACE OF HYPOPHARYNGEAL GLAND-CELLS FROM SCAPTOTRIGONA-POSTICA (HYMENOPTERA, APIDAE)",1983,,Web of Science,Scaptotrigona,Scaptotrigona,1,Scaptotrigona
407,407,"POLYPLOIDY PATTERN IN LARVAL SILK GLANDS OF MELIPONA-QUADRIFASCIATA (HYMENOPTERA, APOIDEA)",1970,,Web of Science,Melipona,Melipona,1,Melipona
408,408,SEX DETERMINATION IN BEES .11. PRODUCTION OF DIPLOID MALES AND SEX DETERMINATION IN MELIPONA-QUADRIFASCIATA,1979,10.1080/00218839.1979.11099950,Web of Science,Melipona,Melipona,1,Melipona
409,409,"POST-EMBRYONIC CHANGES IN MELIPONA-QUADRIFASCIATA ANTHIDIOIDES LEP. (HYM., APOIDEA) .5. POLYPLOIDY IN LARVAL MALPIGHIAN TUBULES",1969,,Web of Science,Melipona,Melipona,1,Melipona
410,410,SEX DETERMINATION IN BEES .4. GENETIC-CONTROL OF JUVENILE-HORMONE PRODUCTION IN MELIPONA-QUADRIFASCIATA (APIDAE),1975,,Web of Science,Melipona,Melipona,1,Melipona
