year,topic,mean_prevalence,n_documents,short_label,prevalence_smooth
1950,1,0.00324749712665835,2,T1: clades / ecology / taxonomy,0.00324749712665835
1951,1,0,0,T1: clades / ecology / taxonomy,0.00108249904221945
1952,1,0,0,T1: clades / ecology / taxonomy,0
1953,1,0,0,T1: clades / ecology / taxonomy,0
1954,1,0,0,T1: clades / ecology / taxonomy,0
1955,1,0,0,T1: clades / ecology / taxonomy,0
1956,1,0,0,T1: clades / ecology / taxonomy,0
1957,1,0,0,T1: clades / ecology / taxonomy,0
1958,1,0,0,T1: clades / ecology / taxonomy,0
1959,1,0,0,T1: clades / ecology / taxonomy,0
1960,1,0,0,T1: clades / ecology / taxonomy,0
1961,1,0,0,T1: clades / ecology / taxonomy,0
1962,1,0,0,T1: clades / ecology / taxonomy,0
1963,1,0,0,T1: clades / ecology / taxonomy,0
1964,1,0,0,T1: clades / ecology / taxonomy,0
1965,1,0,0,T1: clades / ecology / taxonomy,0.0023667828702064056
1966,1,0.007100348610619217,1,T1: clades / ecology / taxonomy,0.0023667828702064056
1967,1,0,0,T1: clades / ecology / taxonomy,0.0023667828702064056
1968,1,0,0,T1: clades / ecology / taxonomy,0.003851538177011441
1969,1,0.011554614531034324,3,T1: clades / ecology / taxonomy,0.006505676575601598
1970,1,0.007962415195770471,1,T1: clades / ecology / taxonomy,0.006505676575601598
1971,1,0,0,T1: clades / ecology / taxonomy,0.02322277106857999
1972,1,0.06170589800996949,2,T1: clades / ecology / taxonomy,0.02056863266998983
1973,1,0,0,T1: clades / ecology / taxonomy,0.02141990808658234
1974,1,0.002553826249777532,1,T1: clades / ecology / taxonomy,0.006195593257738625
1975,1,0.016032953523438344,2,T1: clades / ecology / taxonomy,0.007651704123324313
1976,1,0.004368332596757063,1,T1: clades / ecology / taxonomy,0.006800428706731802
1977,1,0,0,T1: clades / ecology / taxonomy,0.0014561108655856876
1978,1,0,0,T1: clades / ecology / taxonomy,0.028278837871134277
1979,1,0.08483651361340283,2,T1: clades / ecology / taxonomy,0.028278837871134277
1980,1,0,0,T1: clades / ecology / taxonomy,0.028278837871134277
1981,1,0,0,T1: clades / ecology / taxonomy,0
1982,1,0,0,T1: clades / ecology / taxonomy,0.09342726588866679
1983,1,0.28028179766600037,2,T1: clades / ecology / taxonomy,0.0949103089247431
1984,1,0.0044491291082289575,1,T1: clades / ecology / taxonomy,0.0949103089247431
1985,1,0,0,T1: clades / ecology / taxonomy,0.0027340668813733027
1986,1,0.003753071535890951,3,T1: clades / ecology / taxonomy,0.004233927563236514
1987,1,0.008948711153818591,3,T1: clades / ecology / taxonomy,0.009631630815815874
1988,1,0.016193109757738078,1,T1: clades / ecology / taxonomy,0.008530913570598965
1989,1,4.5091980024022807e-4,1,T1: clades / ecology / taxonomy,0.005579110203029828
1990,1,9.330105111118047e-5,1,T1: clades / ecology / taxonomy,2.2229818037286425e-4
1991,1,1.2267368976718422e-4,4,T1: clades / ecology / taxonomy,0.003944358536079645
1992,1,0.011617100867360572,3,T1: clades / ecology / taxonomy,0.003913258185709252
1993,1,0,0,T1: clades / ecology / taxonomy,0.005146572856604904
1994,1,0.0038226177024541395,2,T1: clades / ecology / taxonomy,0.0021717264295517302
1995,1,0.002692561586201052,4,T1: clades / ecology / taxonomy,0.0021717264295517302
1996,1,0,0,T1: clades / ecology / taxonomy,0.002981064293833526
1997,1,0.006250631295299526,2,T1: clades / ecology / taxonomy,0.006444054271644128
1998,1,0.013081531519632858,2,T1: clades / ecology / taxonomy,0.013373729362912389
1999,1,0.020789025273804784,2,T1: clades / ecology / taxonomy,0.011825325205024632
2000,1,0.001605418821636254,3,T1: clades / ecology / taxonomy,0.020024859125480497
2001,1,0.03768013328100045,3,T1: clades / ecology / taxonomy,0.014975945155058793
2002,1,0.005642283362539675,3,T1: clades / ecology / taxonomy,0.10748397340155635
2003,1,0.2791295035611289,3,T1: clades / ecology / taxonomy,0.11165651774484668
2004,1,0.05019776631087144,6,T1: clades / ecology / taxonomy,0.11763899848243997
2005,1,0.02358972557531958,7,T1: clades / ecology / taxonomy,0.04967054098006645
2006,1,0.07522413105400834,9,T1: clades / ecology / taxonomy,0.08110866568852042
2007,1,0.14451214043623337,8,T1: clades / ecology / taxonomy,0.1134140115548684
2008,1,0.12050576317436351,9,T1: clades / ecology / taxonomy,0.10722938609347694
2009,1,0.056670254669833976,15,T1: clades / ecology / taxonomy,0.12648454899904
2010,1,0.20227762915292252,17,T1: clades / ecology / taxonomy,0.09112136419373565
2011,1,0.014416208758450446,11,T1: clades / ecology / taxonomy,0.09500927079853673
2012,1,0.06833397448423725,13,T1: clades / ecology / taxonomy,0.05766597256499012
2013,1,0.09024773445228267,15,T1: clades / ecology / taxonomy,0.07772244004192559
2014,1,0.07458561118925687,16,T1: clades / ecology / taxonomy,0.05604713790899238
2015,1,0.0033080680854376144,5,T1: clades / ecology / taxonomy,0.04258274185151688
2016,1,0.04985454627985616,10,T1: clades / ecology / taxonomy,0.040178285357746556
2017,1,0.0673722417079459,12,T1: clades / ecology / taxonomy,0.047793531923240956
2018,1,0.026153807781920814,16,T1: clades / ecology / taxonomy,0.04177597645214693
2019,1,0.03180187986657409,16,T1: clades / ecology / taxonomy,0.03640649328846009
2020,1,0.051263792216885366,16,T1: clades / ecology / taxonomy,0.0531904490703011
2021,1,0.07650567512744384,26,T1: clades / ecology / taxonomy,0.07015291976390906
2022,1,0.08268929194739798,23,T1: clades / ecology / taxonomy,0.07188706431981255
2023,1,0.05646622588459586,31,T1: clades / ecology / taxonomy,0.0801622476708548
2024,1,0.10133122518057056,21,T1: clades / ecology / taxonomy,0.0893787731682771
2025,1,0.11033886843966491,39,T1: clades / ecology / taxonomy,0.14237894306454035
2026,1,0.21546673557338558,11,T1: clades / ecology / taxonomy,0.21546673557338558
1950,2,0.0022903985459628573,2,T2: lactic / lab / probiotic,0.0022903985459628573
1951,2,0,0,T2: lactic / lab / probiotic,7.634661819876191e-4
1952,2,0,0,T2: lactic / lab / probiotic,0
1953,2,0,0,T2: lactic / lab / probiotic,0
1954,2,0,0,T2: lactic / lab / probiotic,0
1955,2,0,0,T2: lactic / lab / probiotic,0
1956,2,0,0,T2: lactic / lab / probiotic,0
1957,2,0,0,T2: lactic / lab / probiotic,0
1958,2,0,0,T2: lactic / lab / probiotic,0
1959,2,0,0,T2: lactic / lab / probiotic,0
1960,2,0,0,T2: lactic / lab / probiotic,0
1961,2,0,0,T2: lactic / lab / probiotic,0
1962,2,0,0,T2: lactic / lab / probiotic,0
1963,2,0,0,T2: lactic / lab / probiotic,0
1964,2,0,0,T2: lactic / lab / probiotic,0
1965,2,0,0,T2: lactic / lab / probiotic,0.0036685784122392033
1966,2,0.01100573523671761,1,T2: lactic / lab / probiotic,0.0036685784122392033
1967,2,0,0,T2: lactic / lab / probiotic,0.0036685784122392033
1968,2,0,0,T2: lactic / lab / probiotic,0.029981478920371403
1969,2,0.08994443676111422,3,T2: lactic / lab / probiotic,0.148871605444532
1970,2,0.3566703795724819,1,T2: lactic / lab / probiotic,0.148871605444532
1971,2,0,0,T2: lactic / lab / probiotic,0.15980179280717033
1972,2,0.12273499884902911,2,T2: lactic / lab / probiotic,0.0409116662830097
1973,2,0,0,T2: lactic / lab / probiotic,0.041113473527441435
1974,2,6.054217332951982e-4,1,T2: lactic / lab / probiotic,0.003411365128805314
1975,2,0.009628673653120744,2,T2: lactic / lab / probiotic,0.0038614067894424987
1976,2,0.0013501249819115545,1,T2: lactic / lab / probiotic,0.003659599545010766
1977,2,0,0,T2: lactic / lab / probiotic,4.500416606371848e-4
1978,2,0,0,T2: lactic / lab / probiotic,0.0022322666752283026
1979,2,0.006696800025684908,2,T2: lactic / lab / probiotic,0.0022322666752283026
1980,2,0,0,T2: lactic / lab / probiotic,0.0022322666752283026
1981,2,0,0,T2: lactic / lab / probiotic,0
1982,2,0,0,T2: lactic / lab / probiotic,0.0019293823886793213
1983,2,0.005788147166037964,2,T2: lactic / lab / probiotic,0.0021533501003682134
1984,2,6.719031350666763e-4,1,T2: lactic / lab / probiotic,0.0021533501003682134
1985,2,0,0,T2: lactic / lab / probiotic,0.0016352937109580926
1986,2,0.004233977997807602,3,T2: lactic / lab / probiotic,0.003238829866064042
1987,2,0.005482511600384525,3,T2: lactic / lab / probiotic,0.005522828875294484
1988,2,0.006851997027691325,1,T2: lactic / lab / probiotic,0.004511538146736846
1989,2,0.0012001058121346878,1,T2: lactic / lab / probiotic,0.002888000002257488
1990,2,6.118971669464512e-4,1,T2: lactic / lab / probiotic,8.117652936457501e-4
1991,2,6.232929018561114e-4,4,T2: lactic / lab / probiotic,0.005629105399293094
1992,2,0.01565212612907672,3,T2: lactic / lab / probiotic,0.00542513967697761
1993,2,0,0,T2: lactic / lab / probiotic,0.060714096653627474
1994,2,0.1664901638318057,2,T2: lactic / lab / probiotic,0.05582361226688367
1995,2,9.806729688453173e-4,4,T2: lactic / lab / probiotic,0.05582361226688367
1996,2,0,0,T2: lactic / lab / probiotic,0.04263328643272435
1997,2,0.12691918632932772,2,T2: lactic / lab / probiotic,0.04239479701826984
1998,2,2.65204725481809e-4,2,T2: lactic / lab / probiotic,0.04257460289379208
1999,2,5.394176265667124e-4,2,T2: lactic / lab / probiotic,6.778539798765933e-4
2000,2,0.001228939587581259,3,T2: lactic / lab / probiotic,0.0011717355873412324
2001,2,0.0017468495478757263,3,T2: lactic / lab / probiotic,0.0013895956065469654
2002,2,0.0011929976841839115,3,T2: lactic / lab / probiotic,0.09706922242254047
2003,2,0.28826782003556184,3,T2: lactic / lab / probiotic,0.09696149116298856
2004,2,0.0014236557692199861,6,T2: lactic / lab / probiotic,0.09691482068254388
2005,2,0.0010529862428498356,7,T2: lactic / lab / probiotic,0.001480134312638098
2006,2,0.001963760925844473,9,T2: lactic / lab / probiotic,0.0013610512017148586
2007,2,0.0010664064364502676,8,T2: lactic / lab / probiotic,0.0017968011799752155
2008,2,0.0023602361776309064,9,T2: lactic / lab / probiotic,0.0012852687355795463
2009,2,4.291635926574653e-4,15,T2: lactic / lab / probiotic,0.0011307194992687733
2010,2,6.027587275179481e-4,17,T2: lactic / lab / probiotic,6.580550609336866e-4
2011,2,9.422428626256466e-4,11,T2: lactic / lab / probiotic,8.358824870190339e-4
2012,2,9.62645870913507e-4,13,T2: lactic / lab / probiotic,0.012139669514765455
2013,2,0.034514119810757214,15,T2: lactic / lab / probiotic,0.017030843315656855
2014,2,0.015615764265299852,16,T2: lactic / lab / probiotic,0.017197140415790138
2015,2,0.0014615371713133521,5,T2: lactic / lab / probiotic,0.03212067017685784
2016,2,0.07928470909396032,10,T2: lactic / lab / probiotic,0.027379661155996816
2017,2,0.0013927372027167828,12,T2: lactic / lab / probiotic,0.07166489644871794
2018,2,0.13431724304947676,16,T2: lactic / lab / probiotic,0.08759678332002357
2019,2,0.1270803697078772,16,T2: lactic / lab / probiotic,0.13690253941000982
2020,2,0.14931000547267556,16,T2: lactic / lab / probiotic,0.10594744131869446
2021,2,0.041451948775530656,26,T2: lactic / lab / probiotic,0.13684276545193053
2022,2,0.2197663421075854,23,T2: lactic / lab / probiotic,0.1376903516440093
2023,2,0.1518527640489119,31,T2: lactic / lab / probiotic,0.16844941196390006
2024,2,0.13372912973520293,21,T2: lactic / lab / probiotic,0.13279069056916687
2025,2,0.11279017792338582,39,T2: lactic / lab / probiotic,0.12291821945215368
2026,2,0.12223535069787236,11,T2: lactic / lab / probiotic,0.12223535069787236
1950,3,0.0020887604737451276,2,T3: production / virus / viruses,0.0020887604737451276
1951,3,0,0,T3: production / virus / viruses,6.962534912483758e-4
1952,3,0,0,T3: production / virus / viruses,0
1953,3,0,0,T3: production / virus / viruses,0
1954,3,0,0,T3: production / virus / viruses,0
1955,3,0,0,T3: production / virus / viruses,0
1956,3,0,0,T3: production / virus / viruses,0
1957,3,0,0,T3: production / virus / viruses,0
1958,3,0,0,T3: production / virus / viruses,0
1959,3,0,0,T3: production / virus / viruses,0
1960,3,0,0,T3: production / virus / viruses,0
1961,3,0,0,T3: production / virus / viruses,0
1962,3,0,0,T3: production / virus / viruses,0
1963,3,0,0,T3: production / virus / viruses,0
1964,3,0,0,T3: production / virus / viruses,0
1965,3,0,0,T3: production / virus / viruses,0.0022240463951029564
1966,3,0.0066721391853088695,1,T3: production / virus / viruses,0.0022240463951029564
1967,3,0,0,T3: production / virus / viruses,0.0022240463951029564
1968,3,0,0,T3: production / virus / viruses,0.006525485832053975
1969,3,0.019576457496161926,3,T3: production / virus / viruses,0.01871512682335488
1970,3,0.03656892297390272,1,T3: production / virus / viruses,0.01871512682335488
1971,3,0,0,T3: production / virus / viruses,0.025313897826758597
1972,3,0.03937277050637308,2,T3: production / virus / viruses,0.013124256835457692
1973,3,0,0,T3: production / virus / viruses,0.013895676996331865
1974,3,0.0023142604826225195,1,T3: production / virus / viruses,0.04628800385372989
1975,3,0.13654975107856715,2,T3: production / virus / viruses,0.051888324306135894
1976,3,0.016800961357218036,1,T3: production / virus / viruses,0.051116904145261724
1977,3,0,0,T3: production / virus / viruses,0.005600320452406012
1978,3,0,0,T3: production / virus / viruses,0.017850162685916004
1979,3,0.053550488057748015,2,T3: production / virus / viruses,0.017850162685916004
1980,3,0,0,T3: production / virus / viruses,0.017850162685916004
1981,3,0,0,T3: production / virus / viruses,0
1982,3,0,0,T3: production / virus / viruses,0.005813027481914636
1983,3,0.01743908244574391,2,T3: production / virus / viruses,0.0080612406911638
1984,3,0.006744639627747494,1,T3: production / virus / viruses,0.0080612406911638
1985,3,0,0,T3: production / virus / viruses,0.10574693188963219
1986,3,0.3104961560411491,3,T3: production / virus / viruses,0.15792636698920887
1987,3,0.16328294492647755,3,T3: production / virus / viruses,0.1640292117404187
1988,3,0.018308534253629515,1,T3: production / virus / viruses,0.06099629133680606
1989,3,0.0013973948303111366,1,T3: production / virus / viruses,0.006714641022854655
1990,3,4.3799398462331644e-4,1,T3: production / virus / viruses,7.821385884878515e-4
1991,3,5.110269505291013e-4,4,T3: production / virus / viruses,0.002110362382730795
1992,3,0.005382066213039969,3,T3: production / virus / viruses,0.0019643643878563565
1993,3,0,0,T3: production / virus / viruses,0.003924361343467402
1994,3,0.006391017817362239,2,T3: production / virus / viruses,0.11661209972434482
1995,3,0.3434452813556722,4,T3: production / virus / viruses,0.11661209972434482
1996,3,0,0,T3: production / virus / viruses,0.13991260519494547
1997,3,0.07629253422916424,2,T3: production / virus / viruses,0.026791982145948984
1998,3,0.004083412208682721,2,T3: production / virus / viruses,0.029308284866101562
1999,3,0.0075489081604577365,2,T3: production / virus / viruses,0.004644903924052125
2000,3,0.0023023914030159175,3,T3: production / virus / viruses,0.016972223341289047
2001,3,0.04106537046039349,3,T3: production / virus / viruses,0.015246889177476913
2002,3,0.0023729056690213364,3,T3: production / virus / viruses,0.015722783363586908
2003,3,0.0037300739613459035,3,T3: production / virus / viruses,0.010869144863146546
2004,3,0.0265044549590724,6,T3: production / virus / viruses,0.01157654814653961
2005,3,0.004495115519200525,7,T3: production / virus / viruses,0.01655948640302482
2006,3,0.01867888873080154,9,T3: production / virus / viruses,0.008777544035410966
2007,3,0.003158627856230836,8,T3: production / virus / viruses,0.008418917495584663
2008,3,0.003419235899721616,9,T3: production / virus / viruses,0.005336663478467582
2009,3,0.009432126679450294,15,T3: production / virus / viruses,0.008271664130535
2010,3,0.01196362981243309,17,T3: production / virus / viruses,0.009806014995353076
2011,3,0.008022288494175848,11,T3: production / virus / viruses,0.018516817848921365
2012,3,0.035564535240155154,13,T3: production / virus / viruses,0.0205386570093875
2013,3,0.018029147293831503,15,T3: production / virus / viruses,0.021426797459242187
2014,3,0.01068670984373991,16,T3: production / virus / viruses,0.0769159362399888
2015,3,0.202031951582395,5,T3: production / virus / viruses,0.0757050208372426
2016,3,0.014396401085592921,10,T3: production / virus / viruses,0.08959168225543071
2017,3,0.05234669409830419,12,T3: production / virus / viruses,0.03578153289402469
2018,3,0.040601503498176976,16,T3: production / virus / viruses,0.07083603735040052
2019,3,0.1195599144547204,16,T3: production / virus / viruses,0.0800886301844149
2020,3,0.08010447260034731,16,T3: production / virus / viruses,0.1002770449317202
2021,3,0.1011667477400929,26,T3: production / virus / viruses,0.07746362135719019
2022,3,0.05111964373113039,23,T3: production / virus / viruses,0.10402989021520928
2023,3,0.15980327917440457,31,T3: production / virus / viruses,0.14607943286581884
2024,3,0.22731537569192153,21,T3: production / virus / viruses,0.15713785460222202
2025,3,0.08429490894033996,39,T3: production / virus / viruses,0.13448935757395317
2026,3,0.09185778808959805,11,T3: production / virus / viruses,0.09185778808959805
1950,4,0.0023107932839199303,2,T4: mitogenome / rearrangement / heteroplasmy,0.0023107932839199303
1951,4,0,0,T4: mitogenome / rearrangement / heteroplasmy,7.702644279733101e-4
1952,4,0,0,T4: mitogenome / rearrangement / heteroplasmy,0
1953,4,0,0,T4: mitogenome / rearrangement / heteroplasmy,0
1954,4,0,0,T4: mitogenome / rearrangement / heteroplasmy,0
1955,4,0,0,T4: mitogenome / rearrangement / heteroplasmy,0
1956,4,0,0,T4: mitogenome / rearrangement / heteroplasmy,0
1957,4,0,0,T4: mitogenome / rearrangement / heteroplasmy,0
1958,4,0,0,T4: mitogenome / rearrangement / heteroplasmy,0
1959,4,0,0,T4: mitogenome / rearrangement / heteroplasmy,0
1960,4,0,0,T4: mitogenome / rearrangement / heteroplasmy,0
1961,4,0,0,T4: mitogenome / rearrangement / heteroplasmy,0
1962,4,0,0,T4: mitogenome / rearrangement / heteroplasmy,0
1963,4,0,0,T4: mitogenome / rearrangement / heteroplasmy,0
1964,4,0,0,T4: mitogenome / rearrangement / heteroplasmy,0
1965,4,0,0,T4: mitogenome / rearrangement / heteroplasmy,0.003569942634844819
1966,4,0.010709827904534458,1,T4: mitogenome / rearrangement / heteroplasmy,0.003569942634844819
1967,4,0,0,T4: mitogenome / rearrangement / heteroplasmy,0.003569942634844819
1968,4,0,0,T4: mitogenome / rearrangement / heteroplasmy,0.0012323322499559963
1969,4,0.003696996749867989,3,T4: mitogenome / rearrangement / heteroplasmy,0.0032202562837434262
1970,4,0.00596377210136229,1,T4: mitogenome / rearrangement / heteroplasmy,0.0032202562837434262
1971,4,0,0,T4: mitogenome / rearrangement / heteroplasmy,0.0037867839424500977
1972,4,0.0053965797259880035,2,T4: mitogenome / rearrangement / heteroplasmy,0.0017988599086626678
1973,4,0,0,T4: mitogenome / rearrangement / heteroplasmy,0.0024943661214761378
1974,4,0.0020865186384404102,1,T4: mitogenome / rearrangement / heteroplasmy,0.0046648000553127025
1975,4,0.011907881527497697,2,T4: mitogenome / rearrangement / heteroplasmy,0.0051118400333551904
1976,4,0.0013411199341274657,1,T4: mitogenome / rearrangement / heteroplasmy,0.00441633382054172
1977,4,0,0,T4: mitogenome / rearrangement / heteroplasmy,4.4703997804248856e-4
1978,4,0,0,T4: mitogenome / rearrangement / heteroplasmy,0.0034477995205819964
1979,4,0.01034339856174599,2,T4: mitogenome / rearrangement / heteroplasmy,0.0034477995205819964
1980,4,0,0,T4: mitogenome / rearrangement / heteroplasmy,0.0034477995205819964
1981,4,0,0,T4: mitogenome / rearrangement / heteroplasmy,0
1982,4,0,0,T4: mitogenome / rearrangement / heteroplasmy,0.0028372573047866453
1983,4,0.008511771914359936,2,T4: mitogenome / rearrangement / heteroplasmy,0.0030888309493769276
1984,4,7.547209337708466e-4,1,T4: mitogenome / rearrangement / heteroplasmy,0.0030888309493769276
1985,4,0,0,T4: mitogenome / rearrangement / heteroplasmy,5.070541568393366e-4
1986,4,7.664415367471631e-4,3,T4: mitogenome / rearrangement / heteroplasmy,9.84860251113885e-4
1987,4,0.0021881392165944923,3,T4: mitogenome / rearrangement / heteroplasmy,0.004225375472457396
1988,4,0.009721545664030532,1,T4: mitogenome / rearrangement / heteroplasmy,0.004008984645159753
1989,4,1.1726905485423679e-4,1,T4: mitogenome / rearrangement / heteroplasmy,0.0032887669867294076
1990,4,2.7486241303454507e-5,1,T4: mitogenome / rearrangement / heteroplasmy,5.881983711837227e-5
1991,4,3.170421519742552e-5,4,T4: mitogenome / rearrangement / heteroplasmy,0.02489501076186735
1992,4,0.07462584182910116,3,T4: mitogenome / rearrangement / heteroplasmy,0.024885848681432864
1993,4,0,0,T4: mitogenome / rearrangement / heteroplasmy,0.027278745143953897
1994,4,0.007210393602760537,2,T4: mitogenome / rearrangement / heteroplasmy,0.0026742184356428255
1995,4,8.122617041679406e-4,4,T4: mitogenome / rearrangement / heteroplasmy,0.0026742184356428255
1996,4,0,0,T4: mitogenome / rearrangement / heteroplasmy,0.0034132132534203906
1997,4,0.009427378056093233,2,T4: mitogenome / rearrangement / heteroplasmy,0.0419596818034695
1998,4,0.11645166735431527,2,T4: mitogenome / rearrangement / heteroplasmy,0.07102443050559222
1999,4,0.08719424610636817,2,T4: mitogenome / rearrangement / heteroplasmy,0.06813119597197191
2000,4,7.47674455232297e-4,3,T4: mitogenome / rearrangement / heteroplasmy,0.04350735261480881
2001,4,0.04258013728282597,3,T4: mitogenome / rearrangement / heteroplasmy,0.03859071953398059
2002,4,0.0724443468638835,3,T4: mitogenome / rearrangement / heteroplasmy,0.04427645582137875
2003,4,0.017804883317426794,3,T4: mitogenome / rearrangement / heteroplasmy,0.03599961454301215
2004,4,0.017749613447726163,6,T4: mitogenome / rearrangement / heteroplasmy,0.01907532737883348
2005,4,0.02167148537134749,7,T4: mitogenome / rearrangement / heteroplasmy,0.05142480576252243
2006,4,0.11485331846849363,9,T4: mitogenome / rearrangement / heteroplasmy,0.0505348885026387
2007,4,0.01507986166807499,8,T4: mitogenome / rearrangement / heteroplasmy,0.08332174259565807
2008,4,0.12003204765040561,9,T4: mitogenome / rearrangement / heteroplasmy,0.04584498509746063
2009,4,0.0024230459739012803,15,T4: mitogenome / rearrangement / heteroplasmy,0.04291866412199028
2010,4,0.00630089874166396,17,T4: mitogenome / rearrangement / heteroplasmy,0.006205137459735564
2011,4,0.009891467663641452,11,T4: mitogenome / rearrangement / heteroplasmy,0.012682807815665342
2012,4,0.021856057041690618,13,T4: mitogenome / rearrangement / heteroplasmy,0.034343090274905556
2013,4,0.07128174611938462,15,T4: mitogenome / rearrangement / heteroplasmy,0.05431327383207586
2014,4,0.06980201833515236,16,T4: mitogenome / rearrangement / heteroplasmy,0.04755202767790297
2015,4,0.0015723185791719303,5,T4: mitogenome / rearrangement / heteroplasmy,0.07226641216232264
2016,4,0.14542489957264368,10,T4: mitogenome / rearrangement / heteroplasmy,0.05356463936321406
2017,4,0.013696699937826575,12,T4: mitogenome / rearrangement / heteroplasmy,0.05565461443062058
2018,4,0.007842243781391482,16,T4: mitogenome / rearrangement / heteroplasmy,0.040730552427929015
2019,4,0.100652713564569,16,T4: mitogenome / rearrangement / heteroplasmy,0.09025345413741298
2020,4,0.16226540506627848,16,T4: mitogenome / rearrangement / heteroplasmy,0.1094482756355585
2021,4,0.06542670827582807,26,T4: mitogenome / rearrangement / heteroplasmy,0.09761530328581343
2022,4,0.06515379651533373,23,T4: mitogenome / rearrangement / heteroplasmy,0.07711435088318455
2023,4,0.10076254785839187,31,T4: mitogenome / rearrangement / heteroplasmy,0.10478214179455554
2024,4,0.14843008100994107,21,T4: mitogenome / rearrangement / heteroplasmy,0.13638951900002222
2025,4,0.1599759281317337,39,T4: mitogenome / rearrangement / heteroplasmy,0.16909615178712334
2026,4,0.19888244621969528,11,T4: mitogenome / rearrangement / heteroplasmy,0.19888244621969528
1950,5,0.028880908508306796,2,T5: karyotype / cytogenetic / cytogenetics,0.028880908508306796
1951,5,0,0,T5: karyotype / cytogenetic / cytogenetics,0.0096269695027689315
1952,5,0,0,T5: karyotype / cytogenetic / cytogenetics,0
1953,5,0,0,T5: karyotype / cytogenetic / cytogenetics,0
1954,5,0,0,T5: karyotype / cytogenetic / cytogenetics,0
1955,5,0,0,T5: karyotype / cytogenetic / cytogenetics,0
1956,5,0,0,T5: karyotype / cytogenetic / cytogenetics,0
1957,5,0,0,T5: karyotype / cytogenetic / cytogenetics,0
1958,5,0,0,T5: karyotype / cytogenetic / cytogenetics,0
1959,5,0,0,T5: karyotype / cytogenetic / cytogenetics,0
1960,5,0,0,T5: karyotype / cytogenetic / cytogenetics,0
1961,5,0,0,T5: karyotype / cytogenetic / cytogenetics,0
1962,5,0,0,T5: karyotype / cytogenetic / cytogenetics,0
1963,5,0,0,T5: karyotype / cytogenetic / cytogenetics,0
1964,5,0,0,T5: karyotype / cytogenetic / cytogenetics,0
1965,5,0,0,T5: karyotype / cytogenetic / cytogenetics,1.0646620084833808e-4
1966,5,3.1939860254501424e-4,1,T5: karyotype / cytogenetic / cytogenetics,1.0646620084833808e-4
1967,5,0,0,T5: karyotype / cytogenetic / cytogenetics,1.0646620084833808e-4
1968,5,0,0,T5: karyotype / cytogenetic / cytogenetics,0.012074108147238412
1969,5,0.03622232444171524,3,T5: karyotype / cytogenetic / cytogenetics,0.026501724862238864
1970,5,0.043282850145001356,1,T5: karyotype / cytogenetic / cytogenetics,0.026501724862238864
1971,5,0,0,T5: karyotype / cytogenetic / cytogenetics,0.033014567431873504
1972,5,0.055760852150619156,2,T5: karyotype / cytogenetic / cytogenetics,0.018586950716873052
1973,5,0,0,T5: karyotype / cytogenetic / cytogenetics,0.01906641696303376
1974,5,0.0014383987384821275,1,T5: karyotype / cytogenetic / cytogenetics,0.001853210215600157
1975,5,0.004121231908318344,2,T5: karyotype / cytogenetic / cytogenetics,0.003640754004072046
1976,5,0.005362631365415668,1,T5: karyotype / cytogenetic / cytogenetics,0.003161287757911337
1977,5,0,0,T5: karyotype / cytogenetic / cytogenetics,0.0017875437884718893
1978,5,0,0,T5: karyotype / cytogenetic / cytogenetics,0.08149474834402007
1979,5,0.2444842450320602,2,T5: karyotype / cytogenetic / cytogenetics,0.08149474834402007
1980,5,0,0,T5: karyotype / cytogenetic / cytogenetics,0.08149474834402007
1981,5,0,0,T5: karyotype / cytogenetic / cytogenetics,0
1982,5,0,0,T5: karyotype / cytogenetic / cytogenetics,0.018055010988411523
1983,5,0.054165032965234575,2,T5: karyotype / cytogenetic / cytogenetics,0.02036509187866666
1984,5,0.0069302426707654055,1,T5: karyotype / cytogenetic / cytogenetics,0.02036509187866666
1985,5,0,0,T5: karyotype / cytogenetic / cytogenetics,0.004028958142278084
1986,5,0.005156631756068847,3,T5: karyotype / cytogenetic / cytogenetics,0.0024894832689126077
1987,5,0.002311818050668976,3,T5: karyotype / cytogenetic / cytogenetics,0.29650693058804956
1988,5,0.8820523419574108,1,T5: karyotype / cytogenetic / cytogenetics,0.29716219252669457
1989,5,0.00712241757200406,1,T5: karyotype / cytogenetic / cytogenetics,0.2973618233517161
1990,5,0.0029107105257335244,1,T5: karyotype / cytogenetic / cytogenetics,0.004477912363617095
1991,5,0.0034006089931137027,4,T5: karyotype / cytogenetic / cytogenetics,0.10714408291185425
1992,5,0.31512092921671553,3,T5: karyotype / cytogenetic / cytogenetics,0.10617384606994307
1993,5,0,0,T5: karyotype / cytogenetic / cytogenetics,0.10592978608524074
1994,5,0.0026684290390067075,2,T5: karyotype / cytogenetic / cytogenetics,0.0013627184211991554
1995,5,0.0014197262245907586,4,T5: karyotype / cytogenetic / cytogenetics,0.0013627184211991554
1996,5,0,0,T5: karyotype / cytogenetic / cytogenetics,0.1346659370650051
1997,5,0.4025780849704246,2,T5: karyotype / cytogenetic / cytogenetics,0.2995558954741722
1998,5,0.4960896014520921,2,T5: karyotype / cytogenetic / cytogenetics,0.4654266677725819
1999,5,0.4976123168952291,2,T5: karyotype / cytogenetic / cytogenetics,0.3326583769962682
2000,5,0.0042732126414834655,3,T5: karyotype / cytogenetic / cytogenetics,0.1864602267424759
2001,5,0.057495150690715126,3,T5: karyotype / cytogenetic / cytogenetics,0.136465635285417
2002,5,0.3476285425240524,3,T5: karyotype / cytogenetic / cytogenetics,0.25797720632749666
2003,5,0.3688079257677224,3,T5: karyotype / cytogenetic / cytogenetics,0.2559384189629201
2004,5,0.05137878859698544,6,T5: karyotype / cytogenetic / cytogenetics,0.23575356019093283
2005,5,0.2870739662080906,7,T5: karyotype / cytogenetic / cytogenetics,0.12494687330618737
2006,5,0.03638786511348609,9,T5: karyotype / cytogenetic / cytogenetics,0.12482511709902454
2007,5,0.05101351997549692,8,T5: karyotype / cytogenetic / cytogenetics,0.0856816097042111
2008,5,0.16964344402365028,9,T5: karyotype / cytogenetic / cytogenetics,0.1133926077154144
2009,5,0.11952085914709606,15,T5: karyotype / cytogenetic / cytogenetics,0.14708610876665004
2010,5,0.15209402312920378,17,T5: karyotype / cytogenetic / cytogenetics,0.17725249274132654
2011,5,0.2601425959476798,11,T5: karyotype / cytogenetic / cytogenetics,0.1458713665537375
2012,5,0.02537748058432898,13,T5: karyotype / cytogenetic / cytogenetics,0.16370687588840066
2013,5,0.20560055113319328,15,T5: karyotype / cytogenetic / cytogenetics,0.12251530221317221
2014,5,0.1365678749219944,16,T5: karyotype / cytogenetic / cytogenetics,0.11452630161746999
2015,5,0.0014104787972223222,5,T5: karyotype / cytogenetic / cytogenetics,0.04898531551976662
2016,5,0.008977592840083138,10,T5: karyotype / cytogenetic / cytogenetics,0.018557291869779363
2017,5,0.04528380397203263,12,T5: karyotype / cytogenetic / cytogenetics,0.09911539226512886
2018,5,0.24308477998327083,16,T5: karyotype / cytogenetic / cytogenetics,0.1507009761579554
2019,5,0.16373434451856272,16,T5: karyotype / cytogenetic / cytogenetics,0.21422843951267603
2020,5,0.23586619403619458,16,T5: karyotype / cytogenetic / cytogenetics,0.22964825908266734
2021,5,0.2893442386932447,26,T5: karyotype / cytogenetic / cytogenetics,0.19946983560590087
2022,5,0.07319907408826332,23,T5: karyotype / cytogenetic / cytogenetics,0.1563751071122284
2023,5,0.10658200855517719,31,T5: karyotype / cytogenetic / cytogenetics,0.07678743701939614
2024,5,0.05058122841474792,21,T5: karyotype / cytogenetic / cytogenetics,0.0739155504708725
2025,5,0.0645834144426924,39,T5: karyotype / cytogenetic / cytogenetics,0.06707001029191648
2026,5,0.08604538801830913,11,T5: karyotype / cytogenetic / cytogenetics,0.08604538801830913
1950,6,0.003315685667168085,2,T6: numts / restriction / coi,0.003315685667168085
1951,6,0,0,T6: numts / restriction / coi,0.001105228555722695
1952,6,0,0,T6: numts / restriction / coi,0
1953,6,0,0,T6: numts / restriction / coi,0
1954,6,0,0,T6: numts / restriction / coi,0
1955,6,0,0,T6: numts / restriction / coi,0
1956,6,0,0,T6: numts / restriction / coi,0
1957,6,0,0,T6: numts / restriction / coi,0
1958,6,0,0,T6: numts / restriction / coi,0
1959,6,0,0,T6: numts / restriction / coi,0
1960,6,0,0,T6: numts / restriction / coi,0
1961,6,0,0,T6: numts / restriction / coi,0
1962,6,0,0,T6: numts / restriction / coi,0
1963,6,0,0,T6: numts / restriction / coi,0
1964,6,0,0,T6: numts / restriction / coi,0
1965,6,0,0,T6: numts / restriction / coi,0.0012178335996484006
1966,6,0.0036535007989452017,1,T6: numts / restriction / coi,0.0012178335996484006
1967,6,0,0,T6: numts / restriction / coi,0.0012178335996484006
1968,6,0,0,T6: numts / restriction / coi,0.02540382321816196
1969,6,0.07621146965448589,3,T6: numts / restriction / coi,0.04559894596285685
1970,6,0.060585368234084676,1,T6: numts / restriction / coi,0.04559894596285685
1971,6,0,0,T6: numts / restriction / coi,0.02305247990997354
1972,6,0.00857207149583595,2,T6: numts / restriction / coi,0.0028573571652786497
1973,6,0,0,T6: numts / restriction / coi,0.003215053385107129
1974,6,0.0010730886594854385,1,T6: numts / restriction / coi,0.005629746290438425
1975,6,0.015816150211829836,2,T6: numts / restriction / coi,0.009622906608657908
1976,6,0.01197948095465845,1,T6: numts / restriction / coi,0.009265210388829428
1977,6,0,0,T6: numts / restriction / coi,0.003993160318219483
1978,6,0,0,T6: numts / restriction / coi,0.004742800111073963
1979,6,0.01422840033322189,2,T6: numts / restriction / coi,0.004742800111073963
1980,6,0,0,T6: numts / restriction / coi,0.004742800111073963
1981,6,0,0,T6: numts / restriction / coi,0
1982,6,0,0,T6: numts / restriction / coi,0.010726268267628307
1983,6,0.032178804802884924,2,T6: numts / restriction / coi,0.017980792307494015
1984,6,0.021763572119597122,1,T6: numts / restriction / coi,0.017980792307494015
1985,6,0,0,T6: numts / restriction / coi,0.01361079282326337
1986,6,0.019068806350192993,3,T6: numts / restriction / coi,0.011204294336666268
1987,6,0.014544076659805814,3,T6: numts / restriction / coi,0.014843242669691323
1988,6,0.01091684499907516,1,T6: numts / restriction / coi,0.0133786936838324
1989,6,0.014675159392616226,1,T6: numts / restriction / coi,0.010217103323105
1990,6,0.005059305577623614,1,T6: numts / restriction / coi,0.008618132537140853
1991,6,0.00611993264118272,4,T6: numts / restriction / coi,0.18994631849901375
1992,6,0.558659717278235,3,T6: numts / restriction / coi,0.18825988330647256
1993,6,0,0,T6: numts / restriction / coi,0.29377627351899127
1994,6,0.32266910327873877,2,T6: numts / restriction / coi,0.10941693912550704
1995,6,0.005581714097782374,4,T6: numts / restriction / coi,0.10941693912550704
1996,6,0,0,T6: numts / restriction / coi,0.08873535185488234
1997,6,0.26062434146686464,2,T6: numts / restriction / coi,0.14847759138367844
1998,6,0.18480843268417074,2,T6: numts / restriction / coi,0.1864943232502886
1999,6,0.11405019559983054,2,T6: numts / restriction / coi,0.11874766123981027
2000,6,0.05738435543542956,3,T6: numts / restriction / coi,0.16601556717258265
2001,6,0.32661215048248793,3,T6: numts / restriction / coi,0.21671478485430018
2002,6,0.26614784864498314,3,T6: numts / restriction / coi,0.20417530411090287
2003,6,0.019765913205237556,3,T6: numts / restriction / coi,0.17285469004787365
2004,6,0.2326503082934003,6,T6: numts / restriction / coi,0.18730383883974222
2005,6,0.3094952950205888,7,T6: numts / restriction / coi,0.24222782056838169
2006,6,0.18453785839115597,9,T6: numts / restriction / coi,0.22905931321464781
2007,6,0.19314478623219866,8,T6: numts / restriction / coi,0.15369140953965416
2008,6,0.08339158399560785,9,T6: numts / restriction / coi,0.1446159949366891
2009,6,0.15731161458226087,15,T6: numts / restriction / coi,0.13172733939086156
2010,6,0.154478819594716,17,T6: numts / restriction / coi,0.12729927891164092
2011,6,0.07010740255794591,11,T6: numts / restriction / coi,0.09535077004170983
2012,6,0.06146608797246763,13,T6: numts / restriction / coi,0.093507311570637755
2013,6,0.14894844418149975,15,T6: numts / restriction / coi,0.13431457881561784
2014,6,0.19252920429288617,16,T6: numts / restriction / coi,0.1621043426941836
2015,6,0.14483537960816498,5,T6: numts / restriction / coi,0.13717238293537182
2016,6,0.07415256490506432,10,T6: numts / restriction / coi,0.10971417690283385
2017,6,0.11015458619527224,12,T6: numts / restriction / coi,0.13487799255510707
2018,6,0.22032682656498467,16,T6: numts / restriction / coi,0.16699784845561436
2019,6,0.17051213260658618,16,T6: numts / restriction / coi,0.17332236990349134
2020,6,0.12912815053890322,16,T6: numts / restriction / coi,0.12599934414579345
2021,6,0.078357749291891,26,T6: numts / restriction / coi,0.0956073670845761
2022,6,0.07933620142293407,23,T6: numts / restriction / coi,0.08850608473186387
2023,6,0.10782430348076659,31,T6: numts / restriction / coi,0.09377892715797621
2024,6,0.09417627657022797,21,T6: numts / restriction / coi,0.10414490471057601
2025,6,0.11043413408073349,39,T6: numts / restriction / coi,0.09881191019257266
2026,6,0.0918253199267565,11,T6: numts / restriction / coi,0.0918253199267565
1950,7,0.009260319745667546,2,T7: population / populations / microsatellite,0.009260319745667546
1951,7,0,0,T7: population / populations / microsatellite,0.0030867732485558488
1952,7,0,0,T7: population / populations / microsatellite,0
1953,7,0,0,T7: population / populations / microsatellite,0
1954,7,0,0,T7: population / populations / microsatellite,0
1955,7,0,0,T7: population / populations / microsatellite,0
1956,7,0,0,T7: population / populations / microsatellite,0
1957,7,0,0,T7: population / populations / microsatellite,0
1958,7,0,0,T7: population / populations / microsatellite,0
1959,7,0,0,T7: population / populations / microsatellite,0
1960,7,0,0,T7: population / populations / microsatellite,0
1961,7,0,0,T7: population / populations / microsatellite,0
1962,7,0,0,T7: population / populations / microsatellite,0
1963,7,0,0,T7: population / populations / microsatellite,0
1964,7,0,0,T7: population / populations / microsatellite,0
1965,7,0,0,T7: population / populations / microsatellite,0.002635095538268459
1966,7,0.007905286614805378,1,T7: population / populations / microsatellite,0.002635095538268459
1967,7,0,0,T7: population / populations / microsatellite,0.002635095538268459
1968,7,0,0,T7: population / populations / microsatellite,0.003507918238797126
1969,7,0.010523754716391378,3,T7: population / populations / microsatellite,0.0078094800092144345
1970,7,0.012904685311251928,1,T7: population / populations / microsatellite,0.0078094800092144345
1971,7,0,0,T7: population / populations / microsatellite,0.0058418152735424745
1972,7,0.004620760509375497,2,T7: population / populations / microsatellite,0.0015402535031251658
1973,7,0,0,T7: population / populations / microsatellite,0.0030945439700377176
1974,7,0.0046628714007376565,1,T7: population / populations / microsatellite,0.011644725402349251
1975,7,0.0302713048063101,2,T7: population / populations / microsatellite,0.05873147347463259
1976,7,0.14126024421685002,1,T7: population / populations / microsatellite,0.05717718300772004
1977,7,0,0,T7: population / populations / microsatellite,0.04708674807228334
1978,7,0,0,T7: population / populations / microsatellite,0.010584334004372151
1979,7,0.031753002013116455,2,T7: population / populations / microsatellite,0.010584334004372151
1980,7,0,0,T7: population / populations / microsatellite,0.010584334004372151
1981,7,0,0,T7: population / populations / microsatellite,0
1982,7,0,0,T7: population / populations / microsatellite,0.08554861366228583
1983,7,0.2566458409868575,2,T7: population / populations / microsatellite,0.16941731604267551
1984,7,0.2516061071411691,1,T7: population / populations / microsatellite,0.16941731604267551
1985,7,0,0,T7: population / populations / microsatellite,0.12337776652800224
1986,7,0.11852719244283766,3,T7: population / populations / microsatellite,0.0723728133897654
1987,7,0.09859124772645854,3,T7: population / populations / microsatellite,0.07609323890137935
1988,7,0.01116127653484188,1,T7: population / populations / microsatellite,0.04436581857456694
1989,7,0.023344931462400388,1,T7: population / populations / microsatellite,0.014336684189617128
1990,7,0.008503844571609116,1,T7: population / populations / microsatellite,0.014199349388339643
1991,7,0.010749272131009426,4,T7: population / populations / microsatellite,0.009110289490371048
1992,7,0.008077751768494604,3,T7: population / populations / microsatellite,0.0062756746331680095
1993,7,0,0,T7: population / populations / microsatellite,0.03723630389639705
1994,7,0.10363115992069656,2,T7: population / populations / microsatellite,0.05865291078201987
1995,7,0.07232757242536304,4,T7: population / populations / microsatellite,0.05865291078201987
1996,7,0,0,T7: population / populations / microsatellite,0.02666923890255804
1997,7,0.0076801442823110815,2,T7: population / populations / microsatellite,0.05335293097158583
1998,7,0.15237864863244643,2,T7: population / populations / microsatellite,0.12878401555607114
1999,7,0.22629325375345585,2,T7: population / populations / microsatellite,0.16155976828734045
2000,7,0.1060074024761191,3,T7: population / populations / microsatellite,0.15649202075610189
2001,7,0.13717540603873074,3,T7: population / populations / microsatellite,0.09430708245314551
2002,7,0.0397384388445867,3,T7: population / populations / microsatellite,0.05975163097311162
2003,7,0.002341048036017419,3,T7: population / populations / microsatellite,0.08242089072881582
2004,7,0.20518318530584337,6,T7: population / populations / microsatellite,0.09368107531900413
2005,7,0.07351899261515159,7,T7: population / populations / microsatellite,0.14133575993788935
2006,7,0.14530510189267312,9,T7: population / populations / microsatellite,0.15819546809598722
2007,7,0.255762309780137,8,T7: population / populations / microsatellite,0.22685499323851485
2008,7,0.27949756804273446,9,T7: population / populations / microsatellite,0.30045566604917107
2009,7,0.36610712032464177,15,T7: population / populations / microsatellite,0.3289329324580632
2010,7,0.3411941090068136,17,T7: population / populations / microsatellite,0.3228757726741387
2011,7,0.26132608869096086,11,T7: population / populations / microsatellite,0.3468095820890987
2012,7,0.4379085485695217,13,T7: population / populations / microsatellite,0.32143225435728007
2013,7,0.26506212581135774,15,T7: population / populations / microsatellite,0.36046045986920683
2014,7,0.37841070522674103,16,T7: population / populations / microsatellite,0.2803847766394394
2015,7,0.19768149888021944,5,T7: population / populations / microsatellite,0.331157681608007
2016,7,0.4173808407170606,10,T7: population / populations / microsatellite,0.34352914135424195
2017,7,0.41552508446544584,12,T7: population / populations / microsatellite,0.3571790365000135
2018,7,0.238631184317534,16,T7: population / populations / microsatellite,0.2732034564972146
2019,7,0.16545410070866412,16,T7: population / populations / microsatellite,0.1546976618102512
2020,7,0.06000770040455551,16,T7: population / populations / microsatellite,0.08863622431755441
2021,7,0.04044687183944361,26,T7: population / populations / microsatellite,0.10641768562825328
2022,7,0.2187984846407607,23,T7: population / populations / microsatellite,0.10183617053339543
2023,7,0.046263155119981955,31,T7: population / populations / microsatellite,0.12409221949466298
2024,7,0.10721501872324629,21,T7: population / populations / microsatellite,0.10226075368043602
2025,7,0.15330408719807984,39,T7: population / populations / microsatellite,0.0885531767219847
2026,7,0.005140424244628009,11,T7: population / populations / microsatellite,0.005140424244628009
1950,8,0.8297219456041737,2,T8: queens / caste / sex,0.8297219456041737
1951,8,0,0,T8: queens / caste / sex,0.27657398186805787
1952,8,0,0,T8: queens / caste / sex,0
1953,8,0,0,T8: queens / caste / sex,0
1954,8,0,0,T8: queens / caste / sex,0
1955,8,0,0,T8: queens / caste / sex,0
1956,8,0,0,T8: queens / caste / sex,0
1957,8,0,0,T8: queens / caste / sex,0
1958,8,0,0,T8: queens / caste / sex,0
1959,8,0,0,T8: queens / caste / sex,0
1960,8,0,0,T8: queens / caste / sex,0
1961,8,0,0,T8: queens / caste / sex,0
1962,8,0,0,T8: queens / caste / sex,0
1963,8,0,0,T8: queens / caste / sex,0
1964,8,0,0,T8: queens / caste / sex,0
1965,8,0,0,T8: queens / caste / sex,0.3159590018135836
1966,8,0.9478770054407508,1,T8: queens / caste / sex,0.3159590018135836
1967,8,0,0,T8: queens / caste / sex,0.3159590018135836
1968,8,0,0,T8: queens / caste / sex,0.008138693779128079
1969,8,0.024416081337384238,3,T8: queens / caste / sex,0.025242620019565
1970,8,0.051311778721310757,1,T8: queens / caste / sex,0.025242620019565
1971,8,0,0,T8: queens / caste / sex,0.0454619686901961
1972,8,0.08507412734927755,2,T8: queens / caste / sex,0.02835804244975918
1973,8,0,0,T8: queens / caste / sex,0.35481783415721063
1974,8,0.9793793751223543,1,T8: queens / caste / sex,0.5731760124019053
1975,8,0.7401486620833617,2,T8: queens / caste / sex,0.7625857361382185
1976,8,0.5682291712089395,1,T8: queens / caste / sex,0.436125944430767
1977,8,0,0,T8: queens / caste / sex,0.18940972373631315
1978,8,0,0,T8: queens / caste / sex,0.16795897269230153
1979,8,0.5038769180769046,2,T8: queens / caste / sex,0.16795897269230153
1980,8,0,0,T8: queens / caste / sex,0.16795897269230153
1981,8,0,0,T8: queens / caste / sex,0
1982,8,0,0,T8: queens / caste / sex,0.008929825124442013
1983,8,0.02678947537332604,2,T8: queens / caste / sex,0.06521141195012954
1984,8,0.1688447604770626,1,T8: queens / caste / sex,0.06521141195012954
1985,8,0,0,T8: queens / caste / sex,0.06384280133494012
1986,8,0.022683643527757803,3,T8: queens / caste / sex,0.07654410659537209
1987,8,0.2069486762583585,3,T8: queens / caste / sex,0.08078357887684756
1988,8,0.012718416844426424,1,T8: queens / caste / sex,0.07580673769550081
1989,8,0.007753119983717521,1,T8: queens / caste / sex,0.008340477729888468
1990,8,0.004549896361521458,1,T8: queens / caste / sex,0.005430273212455243
1991,8,0.00398780329212675,4,T8: queens / caste / sex,0.0037279604829956645
1992,8,0.0026461817953387875,3,T8: queens / caste / sex,0.002211328362488512
1993,8,0,0,T8: queens / caste / sex,0.05634400197197537
1994,8,0.16638582412058733,2,T8: queens / caste / sex,0.08081944600671521
1995,8,0.076072513899558325,4,T8: queens / caste / sex,0.08081944600671521
1996,8,0,0,T8: queens / caste / sex,0.02904648668130735
1997,8,0.011066946144363734,2,T8: queens / caste / sex,0.010579654787145749
1998,8,0.020672018217073512,2,T8: queens / caste / sex,0.016687821482818044
1999,8,0.018324500087016894,2,T8: queens / caste / sex,0.08345182638222098
2000,8,0.21135896084257255,3,T8: queens / caste / sex,0.07956585604533581
2001,8,0.009014107206418018,3,T8: queens / caste / sex,0.07440535526400777
2002,8,0.002842997743032736,3,T8: queens / caste / sex,0.004730405583574048
2003,8,0.0023341118012713906,3,T8: queens / caste / sex,0.07980080746365091
2004,8,0.2342253128466486,6,T8: queens / caste / sex,0.08016794256665197
2005,8,0.003944403052035904,7,T8: queens / caste / sex,0.15135347164178764
2006,8,0.21589069902667843,9,T8: queens / caste / sex,0.15173707295297023
2007,8,0.23537611678019638,8,T8: queens / caste / sex,0.17976442907986123
2008,8,0.08802647143270896,9,T8: queens / caste / sex,0.16744126154490666
2009,8,0.17892119642181464,15,T8: queens / caste / sex,0.09442459987001442
2010,8,0.01632613175551967,17,T8: queens / caste / sex,0.14705517220452505
2011,8,0.2459181884362409,11,T8: queens / caste / sex,0.1348182831934335
2012,8,0.14221052938853995,13,T8: queens / caste / sex,0.1605189059121553
2013,8,0.09342799991168513,15,T8: queens / caste / sex,0.08174529504608456
2014,8,0.009597355838028634,16,T8: queens / caste / sex,0.15426857547017953
2015,8,0.3597803706608248,5,T8: queens / caste / sex,0.18826824909421552
2016,8,0.1954270207837932,10,T8: queens / caste / sex,0.2587118181120765
2017,8,0.2209280628916115,12,T8: queens / caste / sex,0.1577512643961483
2018,8,0.05689870951304028,16,T8: queens / caste / sex,0.1249184535932687
2019,8,0.09692858837515433,16,T8: queens / caste / sex,0.08349015601525848
2020,8,0.09664317015758085,16,T8: queens / caste / sex,0.10307754230342235
2021,8,0.11566086837753187,26,T8: queens / caste / sex,0.08683998043685062
2022,8,0.04821590277543915,23,T8: queens / caste / sex,0.08571389823307962
2023,8,0.09326492354626785,31,T8: queens / caste / sex,0.06212433608752144
2024,8,0.044892181940857326,21,T8: queens / caste / sex,0.07048058583433131
2025,8,0.07328465201586876,39,T8: queens / caste / sex,0.06090352255507612
2026,8,0.06453373370850228,11,T8: queens / caste / sex,0.06453373370850228
1950,9,0.004821795705493506,2,T9: microbiome / detoxification / exposure,0.004821795705493506
1951,9,0,0,T9: microbiome / detoxification / exposure,0.0016072652351645019
1952,9,0,0,T9: microbiome / detoxification / exposure,0
1953,9,0,0,T9: microbiome / detoxification / exposure,0
1954,9,0,0,T9: microbiome / detoxification / exposure,0
1955,9,0,0,T9: microbiome / detoxification / exposure,0
1956,9,0,0,T9: microbiome / detoxification / exposure,0
1957,9,0,0,T9: microbiome / detoxification / exposure,0
1958,9,0,0,T9: microbiome / detoxification / exposure,0
1959,9,0,0,T9: microbiome / detoxification / exposure,0
1960,9,0,0,T9: microbiome / detoxification / exposure,0
1961,9,0,0,T9: microbiome / detoxification / exposure,0
1962,9,0,0,T9: microbiome / detoxification / exposure,0
1963,9,0,0,T9: microbiome / detoxification / exposure,0
1964,9,0,0,T9: microbiome / detoxification / exposure,0
1965,9,0,0,T9: microbiome / detoxification / exposure,8.305423464889481e-4
1966,9,0.0024916270394668445,1,T9: microbiome / detoxification / exposure,8.305423464889481e-4
1967,9,0,0,T9: microbiome / detoxification / exposure,8.305423464889481e-4
1968,9,0,0,T9: microbiome / detoxification / exposure,0.211358935410096
1969,9,0.6340768062302881,3,T9: microbiome / detoxification / exposure,0.22631525304890357
1970,9,0.0448689529164227,1,T9: microbiome / detoxification / exposure,0.22631525304890357
1971,9,0,0,T9: microbiome / detoxification / exposure,0.21766755501106808
1972,9,0.6081337121167816,2,T9: microbiome / detoxification / exposure,0.20271123737226052
1973,9,0,0,T9: microbiome / detoxification / exposure,0.20344867182456783
1974,9,0.002212303356921963,1,T9: microbiome / detoxification / exposure,0.007704033743641526
1975,9,0.020899797874002615,2,T9: microbiome / detoxification / exposure,0.00985240456421424
1976,9,0.006445112461718146,1,T9: microbiome / detoxification / exposure,0.00911497011190692
1977,9,0,0,T9: microbiome / detoxification / exposure,0.002148370820572715
1978,9,0,0,T9: microbiome / detoxification / exposure,0.005804469880699355
1979,9,0.017413409642098067,2,T9: microbiome / detoxification / exposure,0.005804469880699355
1980,9,0,0,T9: microbiome / detoxification / exposure,0.005804469880699355
1981,9,0,0,T9: microbiome / detoxification / exposure,0
1982,9,0,0,T9: microbiome / detoxification / exposure,0.023525158497257854
1983,9,0.07057547549177356,2,T9: microbiome / detoxification / exposure,0.02497191031878431
1984,9,0.004340255464579375,1,T9: microbiome / detoxification / exposure,0.02497191031878431
1985,9,0,0,T9: microbiome / detoxification / exposure,0.0035202832233298485
1986,9,0.00622059420541017,3,T9: microbiome / detoxification / exposure,0.004336646489269435
1987,9,0.006789345262398136,3,T9: microbiome / detoxification / exposure,0.008181651747880214
1988,9,0.01153501577583234,1,T9: microbiome / detoxification / exposure,0.00711426229011858
1989,9,0.0030184258321252653,1,T9: microbiome / detoxification / exposure,0.005255064067514825
1990,9,0.0012117505945868686,1,T9: microbiome / detoxification / exposure,0.0018590838063231813
1991,9,0.00134707499225741,4,T9: microbiome / detoxification / exposure,0.0012432173466178338
1992,9,0.0011708264530092233,3,T9: microbiome / detoxification / exposure,8.393004817555444e-4
1993,9,0,0,T9: microbiome / detoxification / exposure,0.00113518396738484
1994,9,0.0022347254491452972,2,T9: microbiome / detoxification / exposure,0.0018166794233780929
1995,9,0.003215312820988982,4,T9: microbiome / detoxification / exposure,0.0018166794233780929
1996,9,0,0,T9: microbiome / detoxification / exposure,0.004360006447313955
1997,9,0.00986470652095288,2,T9: microbiome / detoxification / exposure,0.003514659984450236
1998,9,6.792734323978282e-4,2,T9: microbiome / detoxification / exposure,0.003933383403594927
1999,9,0.0012561702574340734,2,T9: microbiome / detoxification / exposure,0.0013603214674059905
2000,9,0.00214552071238607,3,T9: microbiome / detoxification / exposure,0.001724643635919163
2001,9,0.0017722399379373453,3,T9: microbiome / detoxification / exposure,0.002926238918111627
2002,9,0.004860956104011466,3,T9: microbiome / detoxification / exposure,0.0030302720295588476
2003,9,0.0024576200467277334,3,T9: microbiome / detoxification / exposure,0.003000194515809622
2004,9,0.0016820073966896678,6,T9: microbiome / detoxification / exposure,0.001753378431860521
2005,9,0.0011205078521641617,7,T9: microbiome / detoxification / exposure,0.016999302654009483
2006,9,0.04819539271317461,9,T9: microbiome / detoxification / exposure,0.017083747906440565
2007,9,0.0019353431539829212,8,T9: microbiome / detoxification / exposure,0.03494847084981072
2008,9,0.05471467668227463,9,T9: microbiome / detoxification / exposure,0.020362671868072866
2009,9,0.004437995767961043,15,T9: microbiome / detoxification / exposure,0.020182564386052988
2010,9,0.0013950207079232997,17,T9: microbiome / detoxification / exposure,0.01699242564937064
2011,9,0.04514426047222758,11,T9: microbiome / detoxification / exposure,0.017427563052224093
2012,9,0.0057434079765214,13,T9: microbiome / detoxification / exposure,0.02058229283254717
2013,9,0.010859210048892528,15,T9: microbiome / detoxification / exposure,0.01412209307313337
2014,9,0.025763661193986178,16,T9: microbiome / detoxification / exposure,0.013024486361818601
2015,9,0.0024505878425770955,5,T9: microbiome / detoxification / exposure,0.01073598833480646
2016,9,0.00399371596785611,10,T9: microbiome / detoxification / exposure,0.017342851125202837
2017,9,0.0455842495651753,12,T9: microbiome / detoxification / exposure,0.021459808152062436
2018,9,0.014801458923155892,16,T9: microbiome / detoxification / exposure,0.02687190081678062
2019,9,0.020229993962010667,16,T9: microbiome / detoxification / exposure,0.013035058734422381
2020,9,0.004073723318100587,16,T9: microbiome / detoxification / exposure,0.0680690563655078
2021,9,0.17990345181641215,26,T9: microbiome / detoxification / exposure,0.10961970140343776
2022,9,0.14488192907580055,23,T9: microbiome / detoxification / exposure,0.1664759648876068
2023,9,0.1746425137706077,31,T9: microbiome / detoxification / exposure,0.13177269377213835
2024,9,0.07579363847000684,21,T9: microbiome / detoxification / exposure,0.12531289373334153
2025,9,0.12550252895941014,39,T9: microbiome / detoxification / exposure,0.10792496312852841
2026,9,0.1224787219561683,11,T9: microbiome / detoxification / exposure,0.1224787219561683
1950,10,0.11406189533890426,2,T10: dehydrogenase / subspecies / polymorphic,0.11406189533890426
1951,10,0,0,T10: dehydrogenase / subspecies / polymorphic,0.03802063177963475
1952,10,0,0,T10: dehydrogenase / subspecies / polymorphic,0
1953,10,0,0,T10: dehydrogenase / subspecies / polymorphic,0
1954,10,0,0,T10: dehydrogenase / subspecies / polymorphic,0
1955,10,0,0,T10: dehydrogenase / subspecies / polymorphic,0
1956,10,0,0,T10: dehydrogenase / subspecies / polymorphic,0
1957,10,0,0,T10: dehydrogenase / subspecies / polymorphic,0
1958,10,0,0,T10: dehydrogenase / subspecies / polymorphic,0
1959,10,0,0,T10: dehydrogenase / subspecies / polymorphic,0
1960,10,0,0,T10: dehydrogenase / subspecies / polymorphic,0
1961,10,0,0,T10: dehydrogenase / subspecies / polymorphic,0
1962,10,0,0,T10: dehydrogenase / subspecies / polymorphic,0
1963,10,0,0,T10: dehydrogenase / subspecies / polymorphic,0
1964,10,0,0,T10: dehydrogenase / subspecies / polymorphic,0
1965,10,0,0,T10: dehydrogenase / subspecies / polymorphic,7.550435221021585e-4
1966,10,0.002265130566306476,1,T10: dehydrogenase / subspecies / polymorphic,7.550435221021585e-4
1967,10,0,0,T10: dehydrogenase / subspecies / polymorphic,7.550435221021585e-4
1968,10,0,0,T10: dehydrogenase / subspecies / polymorphic,0.03125901936051893
1969,10,0.0937770580815568,3,T10: dehydrogenase / subspecies / polymorphic,0.15788597763665596
1970,10,0.37988087482841115,1,T10: dehydrogenase / subspecies / polymorphic,0.15788597763665596
1971,10,0,0,T10: dehydrogenase / subspecies / polymorphic,0.12950303470505398
1972,10,0.008628229286750775,2,T10: dehydrogenase / subspecies / polymorphic,0.002876076428916925
1973,10,0,0,T10: dehydrogenase / subspecies / polymorphic,0.0041007216348780216
1974,10,0.0036739356178832915,1,T10: dehydrogenase / subspecies / polymorphic,0.006099176317145618
1975,10,0.014623593333553564,2,T10: dehydrogenase / subspecies / polymorphic,0.08705344995794702
1976,10,0.24286282092240422,1,T10: dehydrogenase / subspecies / polymorphic,0.08582880475198593
1977,10,0,0,T10: dehydrogenase / subspecies / polymorphic,0.0809542736408014
1978,10,0,0,T10: dehydrogenase / subspecies / polymorphic,0.010938941548005643
1979,10,0.03281682464401693,2,T10: dehydrogenase / subspecies / polymorphic,0.010938941548005643
1980,10,0,0,T10: dehydrogenase / subspecies / polymorphic,0.010938941548005643
1981,10,0,0,T10: dehydrogenase / subspecies / polymorphic,0
1982,10,0,0,T10: dehydrogenase / subspecies / polymorphic,0.08254152372926035
1983,10,0.24762457118778108,2,T10: dehydrogenase / subspecies / polymorphic,0.2605064135032645
1984,10,0.5338946693220123,1,T10: dehydrogenase / subspecies / polymorphic,0.2605064135032645
1985,10,0,0,T10: dehydrogenase / subspecies / polymorphic,0.34766271797605
1986,10,0.5090934846061376,3,T10: dehydrogenase / subspecies / polymorphic,0.33333533791705744
1987,10,0.4909125291450349,3,T10: dehydrogenase / subspecies / polymorphic,0.3401823103121655
1988,10,0.020540917185324095,1,T10: dehydrogenase / subspecies / polymorphic,0.48412456752998506
1989,10,0.9409202562595963,1,T10: dehydrogenase / subspecies / polymorphic,0.646018329123287
1990,10,0.9765938139249409,1,T10: dehydrogenase / subspecies / polymorphic,0.9635402267924991
1991,10,0.9731066101929602,4,T10: dehydrogenase / subspecies / polymorphic,0.6522492941891765
1992,10,0.007047458449628693,3,T10: dehydrogenase / subspecies / polymorphic,0.32671802288086293
1993,10,0,0,T10: dehydrogenase / subspecies / polymorphic,0.07518134122902373
1994,10,0.2184965652374425,2,T10: dehydrogenase / subspecies / polymorphic,0.23731631605142417
1995,10,0.49345238291682997,4,T10: dehydrogenase / subspecies / polymorphic,0.23731631605142417
1996,10,0,0,T10: dehydrogenase / subspecies / polymorphic,0.19424947654067612
1997,10,0.08929604670519842,2,T10: dehydrogenase / subspecies / polymorphic,0.03359541882630192
1998,10,0.011490209773707337,2,T10: dehydrogenase / subspecies / polymorphic,0.042392740906247166
1999,10,0.02639196623983575,2,T10: dehydrogenase / subspecies / polymorphic,0.21694276654602884
2000,10,0.6129461236245435,3,T10: dehydrogenase / subspecies / polymorphic,0.3280655149786649
2001,10,0.34485845507161533,3,T10: dehydrogenase / subspecies / polymorphic,0.4049777537519546
2002,10,0.2571286825597051,3,T10: dehydrogenase / subspecies / polymorphic,0.20578274596629356
2003,10,0.015361100267560301,3,T10: dehydrogenase / subspecies / polymorphic,0.15049822996693604
2004,10,0.17900490707354272,6,T10: dehydrogenase / subspecies / polymorphic,0.15613450996145148
2005,10,0.2740375225432515,7,T10: dehydrogenase / subspecies / polymorphic,0.2040018044334927
2006,10,0.15896298368368392,9,T10: dehydrogenase / subspecies / polymorphic,0.1773171313026447
2007,10,0.09895088768099872,8,T10: dehydrogenase / subspecies / polymorphic,0.11210761476186157
2008,10,0.0784089729209021,9,T10: dehydrogenase / subspecies / polymorphic,0.09403549448076115
2009,10,0.10474662284038266,15,T10: dehydrogenase / subspecies / polymorphic,0.09884085837752365
2010,10,0.11336697937128622,17,T10: dehydrogenase / subspecies / polymorphic,0.10073428610924012
2011,10,0.0840892561160515,11,T10: dehydrogenase / subspecies / polymorphic,0.13267765611965382
2012,10,0.20057673287162373,13,T10: dehydrogenase / subspecies / polymorphic,0.11556497007493027
2013,10,0.062028921237115585,15,T10: dehydrogenase / subspecies / polymorphic,0.11634891633388458
2014,10,0.08644109489291443,16,T10: dehydrogenase / subspecies / polymorphic,0.07797927497423449
2015,10,0.08546780879267343,5,T10: dehydrogenase / subspecies / polymorphic,0.06100553747989244
2016,10,0.01110770875408946,10,T10: dehydrogenase / subspecies / polymorphic,0.041430452503477315
2017,10,0.02771583996366905,12,T10: dehydrogenase / subspecies / polymorphic,0.018721930434935637
2018,10,0.017342242587048407,16,T10: dehydrogenase / subspecies / polymorphic,0.01636801492866626
2019,10,0.0040459622352813215,16,T10: dehydrogenase / subspecies / polymorphic,0.01757519700360277
2020,10,0.03133738618847859,16,T10: dehydrogenase / subspecies / polymorphic,0.01570636282878037
2021,10,0.011735740062581199,26,T10: dehydrogenase / subspecies / polymorphic,0.019970819982138146
2022,10,0.016839333695354657,23,T10: dehydrogenase / subspecies / polymorphic,0.010371117439610096
2023,10,0.0025382785608944356,31,T10: dehydrogenase / subspecies / polymorphic,0.011971152173175549
2024,10,0.016535844263277553,21,T10: dehydrogenase / subspecies / polymorphic,0.00818847423075433
2025,10,0.0054912998680910026,39,T10: dehydrogenase / subspecies / polymorphic,0.007853745232150992
2026,10,0.001534091565084422,11,T10: dehydrogenase / subspecies / polymorphic,0.001534091565084422
