genus_for_stm,topic,mean_prevalence,n_documents,topic_mean,prevalence_lift,short_label
Frieseomelitta,1,0.1937034124621274,8,0.11421231513479953,0.07949109732732788,T1: clades / ecology / taxonomy
Frieseomelitta,2,0.0013050069220930307,8,0.07241076790995458,-0.07110576098786156,T2: lactic / lab / probiotic
Frieseomelitta,3,0.011544906524486424,8,0.0657164603302209,-0.054171553805734476,T3: production / virus / viruses
Frieseomelitta,4,0.0029442944177944692,8,0.06188316128342289,-0.05893886686562842,T4: mitogenome / rearrangement / heteroplasmy
Frieseomelitta,5,0.28898052473695296,8,0.13520485681215746,0.1537756679247955,T5: karyotype / cytogenetic / cytogenetics
Frieseomelitta,6,0.01293183627003977,8,0.10226106699160106,-0.08932923072156129,T6: numts / restriction / coi
Frieseomelitta,7,0.08224875169400811,8,0.20744113638324962,-0.12519238468924151,T7: population / populations / microsatellite
Frieseomelitta,8,0.22135619735046747,8,0.08411383596680397,0.1372423613836635,T8: queens / caste / sex
Frieseomelitta,9,0.15549021171850083,8,0.06341463627037922,0.09207557544812162,T9: microbiome / detoxification / exposure
Frieseomelitta,10,0.02949485790352957,8,0.09334176291741081,-0.06384690501388124,T10: dehydrogenase / subspecies / polymorphic
Heterotrigona,1,0.019943243687338578,14,0.11421231513479953,-0.09426907144746095,T1: clades / ecology / taxonomy
Heterotrigona,2,0.3709378312457592,14,0.07241076790995458,0.2985270633358046,T2: lactic / lab / probiotic
Heterotrigona,3,0.19011047780105786,14,0.0657164603302209,0.12439401747083696,T3: production / virus / viruses
Heterotrigona,4,0.16697631547950398,14,0.06188316128342289,0.10509315419608109,T4: mitogenome / rearrangement / heteroplasmy
Heterotrigona,5,2.2224234227624306e-4,14,0.13520485681215746,-0.13498261446988122,T5: karyotype / cytogenetic / cytogenetics
Heterotrigona,6,0.1103568596313301,14,0.10226106699160106,0.008095792639729038,T6: numts / restriction / coi
Heterotrigona,7,0.09152834245081885,14,0.20744113638324962,-0.11591279393243077,T7: population / populations / microsatellite
Heterotrigona,8,0.04505790533330725,14,0.08411383596680397,-0.039055930633496716,T8: queens / caste / sex
Heterotrigona,9,0.003355168762039893,14,0.06341463627037922,-0.06005946750833932,T9: microbiome / detoxification / exposure
Heterotrigona,10,0.001511613266568059,14,0.09334176291741081,-0.09183014965084275,T10: dehydrogenase / subspecies / polymorphic
Melipona,1,0.05513384183666122,138,0.11421231513479953,-0.059078473298138305,T1: clades / ecology / taxonomy
Melipona,2,0.03413470205586732,138,0.07241076790995458,-0.038276065854087264,T2: lactic / lab / probiotic
Melipona,3,0.0709312768581499,138,0.0657164603302209,0.005214816527929003,T3: production / virus / viruses
Melipona,4,0.06582274522821675,138,0.06188316128342289,0.003939583944793865,T4: mitogenome / rearrangement / heteroplasmy
Melipona,5,0.12653649038091816,138,0.13520485681215746,-0.008668366431239305,T5: karyotype / cytogenetic / cytogenetics
Melipona,6,0.10544835324053449,138,0.10226106699160106,0.003187286248933427,T6: numts / restriction / coi
Melipona,7,0.1959521874468606,138,0.20744113638324962,-0.01148894893638902,T7: population / populations / microsatellite
Melipona,8,0.1839419584475897,138,0.08411383596680397,0.09982812248078574,T8: queens / caste / sex
Melipona,9,0.08904978071609239,138,0.06341463627037922,0.025635144445713173,T9: microbiome / detoxification / exposure
Melipona,10,0.07304866378910942,138,0.09334176291741081,-0.020293099128301392,T10: dehydrogenase / subspecies / polymorphic
Multiple,1,0.07211872516918906,90,0.11421231513479953,-0.04209358996561047,T1: clades / ecology / taxonomy
Multiple,2,0.14430707233492002,90,0.07241076790995458,0.07189630442496543,T2: lactic / lab / probiotic
Multiple,3,0.0971990561708699,90,0.0657164603302209,0.031482595840649,T3: production / virus / viruses
Multiple,4,0.10736481889329803,90,0.06188316128342289,0.045481657609875145,T4: mitogenome / rearrangement / heteroplasmy
Multiple,5,0.06420571911915621,90,0.13520485681215746,-0.07099913769300126,T5: karyotype / cytogenetic / cytogenetics
Multiple,6,0.1834262522373183,90,0.10226106699160106,0.08116518524571723,T6: numts / restriction / coi
Multiple,7,0.07865470096455768,90,0.20744113638324962,-0.12878643541869195,T7: population / populations / microsatellite
Multiple,8,0.09164974250397634,90,0.08411383596680397,0.007535906537172371,T8: queens / caste / sex
Multiple,9,0.07590241565473173,90,0.06341463627037922,0.012487779384352513,T9: microbiome / detoxification / exposure
Multiple,10,0.08517149695198271,90,0.09334176291741081,-0.008170265965428095,T10: dehydrogenase / subspecies / polymorphic
Other_rare_genera,1,0.05822483450443534,23,0.11421231513479953,-0.05598748063036419,T1: clades / ecology / taxonomy
Other_rare_genera,2,0.05067576683805355,23,0.07241076790995458,-0.021735001071901038,T2: lactic / lab / probiotic
Other_rare_genera,3,0.03675573956070091,23,0.0657164603302209,-0.028960720769519985,T3: production / virus / viruses
Other_rare_genera,4,0.10096162848957016,23,0.06188316128342289,0.03907846720614727,T4: mitogenome / rearrangement / heteroplasmy
Other_rare_genera,5,0.17456710768596528,23,0.13520485681215746,0.03936225087380782,T5: karyotype / cytogenetic / cytogenetics
Other_rare_genera,6,0.20074732114112048,23,0.10226106699160106,0.09848625414951942,T6: numts / restriction / coi
Other_rare_genera,7,0.26396249185009846,23,0.20744113638324962,0.05652135546684883,T7: population / populations / microsatellite
Other_rare_genera,8,0.011223714558155497,23,0.08411383596680397,-0.07289012140864848,T8: queens / caste / sex
Other_rare_genera,9,0.042395890117719916,23,0.06341463627037922,-0.0210187461526593,T9: microbiome / detoxification / exposure
Other_rare_genera,10,0.06048550525418053,23,0.09334176291741081,-0.032856257663230276,T10: dehydrogenase / subspecies / polymorphic
Partamona,1,0.07235690425603777,29,0.11421231513479953,-0.041855410878761753,T1: clades / ecology / taxonomy
Partamona,2,7.085981944365066e-4,29,0.07241076790995458,-0.07170216971551807,T2: lactic / lab / probiotic
Partamona,3,0.0032830003865371264,29,0.0657164603302209,-0.06243345994368377,T3: production / virus / viruses
Partamona,4,0.004008395856105967,29,0.06188316128342289,-0.05787476542731692,T4: mitogenome / rearrangement / heteroplasmy
Partamona,5,0.4170086547271069,29,0.13520485681215746,0.28180379791494947,T5: karyotype / cytogenetic / cytogenetics
Partamona,6,0.05090024643127469,29,0.10226106699160106,-0.05136082056032637,T6: numts / restriction / coi
Partamona,7,0.28492004097395895,29,0.20744113638324962,0.07747890459070933,T7: population / populations / microsatellite
Partamona,8,0.012575644180621803,29,0.08411383596680397,-0.07153819178618216,T8: queens / caste / sex
Partamona,9,0.06868036877731393,29,0.06341463627037922,0.005265732506934712,T9: microbiome / detoxification / exposure
Partamona,10,0.08555814621660636,29,0.09334176291741081,-0.007783616700804449,T10: dehydrogenase / subspecies / polymorphic
Plebeia,1,0.030159325534917042,8,0.11421231513479953,-0.08405298959988249,T1: clades / ecology / taxonomy
Plebeia,2,4.975220779323834e-4,8,0.07241076790995458,-0.0719132458320222,T2: lactic / lab / probiotic
Plebeia,3,0.0035049741421719714,8,0.0657164603302209,-0.06221148618804893,T3: production / virus / viruses
Plebeia,4,0.004480750635721009,8,0.06188316128342289,-0.05740241064770188,T4: mitogenome / rearrangement / heteroplasmy
Plebeia,5,0.12113832652587168,8,0.13520485681215746,-0.01406653028628578,T5: karyotype / cytogenetic / cytogenetics
Plebeia,6,0.054731800529699545,8,0.10226106699160106,-0.04752926646190152,T6: numts / restriction / coi
Plebeia,7,0.41226513512751384,8,0.20744113638324962,0.2048239987442642,T7: population / populations / microsatellite
Plebeia,8,0.032828169453627654,8,0.08411383596680397,-0.051285666513176315,T8: queens / caste / sex
Plebeia,9,0.0033803178329830166,8,0.06341463627037922,-0.0600343184373962,T9: microbiome / detoxification / exposure
Plebeia,10,0.33701367813956185,8,0.09334176291741081,0.24367191522215104,T10: dehydrogenase / subspecies / polymorphic
Scaptotrigona,1,0.07892002350589655,22,0.11421231513479953,-0.035292291628902975,T1: clades / ecology / taxonomy
Scaptotrigona,2,0.0711306374230966,22,0.07241076790995458,-0.0012801304868579888,T2: lactic / lab / probiotic
Scaptotrigona,3,0.08331199781230757,22,0.0657164603302209,0.01759553748208667,T3: production / virus / viruses
Scaptotrigona,4,0.04979814839484534,22,0.06188316128342289,-0.012085012888577551,T4: mitogenome / rearrangement / heteroplasmy
Scaptotrigona,5,0.033347212515417245,22,0.13520485681215746,-0.10185764429674021,T5: karyotype / cytogenetic / cytogenetics
Scaptotrigona,6,0.06057921600744466,22,0.10226106699160106,-0.0416818509841564,T6: numts / restriction / coi
Scaptotrigona,7,0.3929534633569123,22,0.20744113638324962,0.18551232697366266,T7: population / populations / microsatellite
Scaptotrigona,8,0.16252431533022238,22,0.08411383596680397,0.07841047936341841,T8: queens / caste / sex
Scaptotrigona,9,0.012743317578249574,22,0.06341463627037922,-0.05067131869212964,T9: microbiome / detoxification / exposure
Scaptotrigona,10,0.0546916680756078,22,0.09334176291741081,-0.03865009484180301,T10: dehydrogenase / subspecies / polymorphic
Tetragonisca,1,0.06435440595946611,30,0.11421231513479953,-0.04985790917533342,T1: clades / ecology / taxonomy
Tetragonisca,2,0.06952994248825867,30,0.07241076790995458,-0.002880825421695918,T2: lactic / lab / probiotic
Tetragonisca,3,0.038323724187619486,30,0.0657164603302209,-0.02739273614260141,T3: production / virus / viruses
Tetragonisca,4,0.04779188589743242,30,0.06188316128342289,-0.014091275385990469,T4: mitogenome / rearrangement / heteroplasmy
Tetragonisca,5,0.15729238177449578,30,0.13520485681215746,0.022087524962338317,T5: karyotype / cytogenetic / cytogenetics
Tetragonisca,6,0.12681654525892266,30,0.10226106699160106,0.0245554782673216,T6: numts / restriction / coi
Tetragonisca,7,0.16623206055875536,30,0.20744113638324962,-0.04120907582449426,T7: population / populations / microsatellite
Tetragonisca,8,0.11492191034743503,30,0.08411383596680397,0.03080807438063106,T8: queens / caste / sex
Tetragonisca,9,0.035866691857972116,30,0.06341463627037922,-0.0275479444124071,T9: microbiome / detoxification / exposure
Tetragonisca,10,0.17887045166964244,30,0.09334176291741081,0.08552868875223163,T10: dehydrogenase / subspecies / polymorphic
Tetragonula,1,0.15245926014567673,22,0.11421231513479953,0.038246945010877206,T1: clades / ecology / taxonomy
Tetragonula,2,0.04310770526850374,22,0.07241076790995458,-0.02930306264145084,T2: lactic / lab / probiotic
Tetragonula,3,0.04238633848875221,22,0.0657164603302209,-0.02333012184146869,T3: production / virus / viruses
Tetragonula,4,0.14890810946488006,22,0.06188316128342289,0.08702494818145717,T4: mitogenome / rearrangement / heteroplasmy
Tetragonula,5,0.0018591531748494532,22,0.13520485681215746,-0.13334570363730802,T5: karyotype / cytogenetic / cytogenetics
Tetragonula,6,0.18687932963098527,22,0.10226106699160106,0.08461826263938421,T6: numts / restriction / coi
Tetragonula,7,0.18102739647380162,22,0.20744113638324962,-0.02641373990944801,T7: population / populations / microsatellite
Tetragonula,8,0.09803682125407627,22,0.08411383596680397,0.013922985287272302,T8: queens / caste / sex
Tetragonula,9,0.12880778208675084,22,0.06341463627037922,0.06539314581637162,T9: microbiome / detoxification / exposure
Tetragonula,10,0.01652810401172375,22,0.09334176291741081,-0.07681365890568706,T10: dehydrogenase / subspecies / polymorphic
Trigona,1,0.10969169019438749,22,0.11421231513479953,-0.004520624940412041,T1: clades / ecology / taxonomy
Trigona,2,0.06223102070766299,22,0.07241076790995458,-0.010179747202291596,T2: lactic / lab / probiotic
Trigona,3,0.11038375568857875,22,0.0657164603302209,0.04466729535835785,T3: production / virus / viruses
Trigona,4,0.03754870952345057,22,0.06188316128342289,-0.02433445175997232,T4: mitogenome / rearrangement / heteroplasmy
Trigona,5,0.2365245092438012,22,0.13520485681215746,0.10131965243164373,T5: karyotype / cytogenetic / cytogenetics
Trigona,6,0.11525071678246117,22,0.10226106699160106,0.012989649790860106,T6: numts / restriction / coi
Trigona,7,0.1234006750250199,22,0.20744113638324962,-0.08404046135822972,T7: population / populations / microsatellite
Trigona,8,0.006804208993515712,22,0.08411383596680397,-0.07730962697328826,T8: queens / caste / sex
Trigona,9,0.0025984623623990376,22,0.06341463627037922,-0.06081617390798018,T9: microbiome / detoxification / exposure
Trigona,10,0.1955662514787232,22,0.09334176291741081,0.10222448856131239,T10: dehydrogenase / subspecies / polymorphic
Unclassified,1,0.463482114361461,4,0.11421231513479953,0.34926979922666146,T1: clades / ecology / taxonomy
Unclassified,2,0.020363409362871003,4,0.07241076790995458,-0.05204735854708358,T2: lactic / lab / probiotic
Unclassified,3,0.10086227634141862,4,0.0657164603302209,0.03514581601119772,T3: production / virus / viruses
Unclassified,4,0.0059921331202558905,4,0.06188316128342289,-0.055891028163166996,T4: mitogenome / rearrangement / heteroplasmy
Unclassified,5,7.759595190782881e-4,4,0.13520485681215746,-0.13442889729307916,T5: karyotype / cytogenetic / cytogenetics
Unclassified,6,0.019064326738081623,4,0.10226106699160106,-0.08319674025351945,T6: numts / restriction / coi
Unclassified,7,0.21614839067668973,4,0.20744113638324962,0.008707254293440103,T7: population / populations / microsatellite
Unclassified,8,0.028445443848652573,4,0.08411383596680397,-0.055668392118151395,T8: queens / caste / sex
Unclassified,9,0.14270522777979738,4,0.06341463627037922,0.07929059150941817,T9: microbiome / detoxification / exposure
Unclassified,10,0.0021607182516940734,4,0.09334176291741081,-0.09118104466571673,T10: dehydrogenase / subspecies / polymorphic
